{"activateable":false,"childRelationships":[],"createable":true,"custom":false,"customSetting":false,"deletable":true,"deprecatedAndHidden":false,"feedEnabled":false,"fields":[{"autoNumber":false,"byteLength":18,"calculated":false,"calculatedFormula":null,"caseSensitive":false,"controllerName":null,"createable":false,"custom":false,"defaultValue":null,"defaultValueFormula":null,"defaultedOnCreate":true,"dependentPicklist":false,"deprecatedAndHidden":false,"digits":0,"externalId":false,"filterable":true,"groupable":true,"htmlFormatted":false,"idLookup":true,"inlineHelpText":null,"label":
"Line Item ID","length":18,"name":"Id","nameField":false,"namePointing":false,"nillable":false,"picklistValues":[],"precision":0,"referenceTo":[],"relationshipName":null,"relationshipOrder":null,"restrictedPicklist":false,"scale":0,"soapType":"tns:ID","sortable":true,"type":"id","unique":false,"updateable":false,"writeRequiresMasterRead":false},{"autoNumber":false,"byteLength":18,"calculated":false,"calculatedFormula":null,"caseSensitive":false,"controllerName":null,"createable":true,"custom":false,"defaultValue":null,"defaultValueFormula":null,"defaultedOnCreate":false,"dependentPicklist":false,"deprecatedAndHidden":false,"digits":0,"externalId":false,"filterable":true,"groupable":true,"htmlFormatted":false,"idLookup":false,"inlineHelpText":null,"label":
"Opportunity ID","length":18,"name":"OpportunityId","nameField":false,"namePointing":false,"nillable":false,"picklistValues":[],"precision":0,"referenceTo":["Opportunity"],"relationshipName":"Opportunity","relationshipOrder":null,"restrictedPicklist":false,"scale":0,"soapType":"tns:ID","sortable":true,"type":"reference","unique":false,"updateable":false,"writeRequiresMasterRead":false},{"autoNumber":false,"byteLength":0,"calculated":false,"calculatedFormula":null,"caseSensitive":false,"controllerName":null,"createable":false,"custom":false,"defaultValue":null,"defaultValueFormula":null,"defaultedOnCreate":false,"dependentPicklist":false,"deprecatedAndHidden":false,"digits":9,"externalId":false,"filterable":true,"groupable":true,"htmlFormatted":false,"idLookup":false,"inlineHelpText":null,"label":
"Sort Order","length":0,"name":"SortOrder","nameField":false,"namePointing":false,"nillable":true,"picklistValues":[],"precision":0,"referenceTo":[],"relationshipName":null,"relationshipOrder":null,"restrictedPicklist":false,"scale":0,"soapType":"xsd:int","sortable":true,"type":"int","unique":false,"updateable":false,"writeRequiresMasterRead":false},{"autoNumber":false,"byteLength":18,"calculated":false,"calculatedFormula":null,"caseSensitive":false,"controllerName":null,"createable":true,"custom":false,"defaultValue":null,"defaultValueFormula":null,"defaultedOnCreate":false,"dependentPicklist":false,"deprecatedAndHidden":false,"digits":0,"externalId":false,"filterable":true,"groupable":true,"htmlFormatted":false,"idLookup":false,"inlineHelpText":null,"label":
"Price Book Entry ID","length":18,"name":"PricebookEntryId","nameField":false,"namePointing":false,"nillable":true,"picklistValues":[],"precision":0,"referenceTo":["PricebookEntry"],"relationshipName":"PricebookEntry","relationshipOrder":null,"restrictedPicklist":false,"scale":0,"soapType":"tns:ID","sortable":true,"type":"reference","unique":false,"updateable":false,"writeRequiresMasterRead":false},{"autoNumber":false,"byteLength":0,"calculated":false,"calculatedFormula":null,"caseSensitive":false,"controllerName":null,"createable":true,"custom":false,"defaultValue":null,"defaultValueFormula":null,"defaultedOnCreate":false,"dependentPicklist":false,"deprecatedAndHidden":false,"digits":0,"externalId":false,"filterable":true,"groupable":false,"htmlFormatted":false,"idLookup":false,"inlineHelpText":null,"label":
"Quantity","length":0,"name":"Quantity","nameField":false,"namePointing":false,"nillable":false,"picklistValues":[],"precision":12,"referenceTo":[],"relationshipName":null,"relationshipOrder":null,"restrictedPicklist":false,"scale":2,"soapType":"xsd:double","sortable":true,"type":"double","unique":false,"updateable":true,"writeRequiresMasterRead":false},{"autoNumber":false,"byteLength":0,"calculated":false,"calculatedFormula":null,"caseSensitive":false,"controllerName":null,"createable":true,"custom":false,"defaultValue":null,"defaultValueFormula":null,"defaultedOnCreate":false,"dependentPicklist":false,"deprecatedAndHidden":false,"digits":0,"externalId":false,"filterable":true,"groupable":false,"htmlFormatted":false,"idLookup":false,"inlineHelpText":null,"label":
"Discount","length":0,"name":"Discount","nameField":false,"namePointing":false,"nillable":true,"picklistValues":[],"precision":5,"referenceTo":[],"relationshipName":null,"relationshipOrder":null,"restrictedPicklist":false,"scale":2,"soapType":"xsd:double","sortable":true,"type":"percent","unique":false,"updateable":true,"writeRequiresMasterRead":false},{"autoNumber":false,"byteLength":0,"calculated":false,"calculatedFormula":null,"caseSensitive":false,"controllerName":null,"createable":false,"custom":false,"defaultValue":null,"defaultValueFormula":null,"defaultedOnCreate":false,"dependentPicklist":false,"deprecatedAndHidden":false,"digits":0,"externalId":false,"filterable":true,"groupable":false,"htmlFormatted":false,"idLookup":false,"inlineHelpText":null,"label":
"Subtotal","length":0,"name":"Subtotal","nameField":false,"namePointing":false,"nillable":true,"picklistValues":[],"precision":18,"referenceTo":[],"relationshipName":null,"relationshipOrder":null,"restrictedPicklist":false,"scale":2,"soapType":"xsd:double","sortable":true,"type":"currency","unique":false,"updateable":false,"writeRequiresMasterRead":false},{"autoNumber":false,"byteLength":0,"calculated":false,"calculatedFormula":null,"caseSensitive":false,"controllerName":null,"createable":true,"custom":false,"defaultValue":null,"defaultValueFormula":null,"defaultedOnCreate":true,"dependentPicklist":false,"deprecatedAndHidden":false,"digits":0,"externalId":false,"filterable":true,"groupable":false,"htmlFormatted":false,"idLookup":false,"inlineHelpText":null,"label":
"Total Price","length":0,"name":"TotalPrice","nameField":false,"namePointing":false,"nillable":true,"picklistValues":[],"precision":18,"referenceTo":[],"relationshipName":null,"relationshipOrder":null,"restrictedPicklist":false,"scale":2,"soapType":"xsd:double","sortable":true,"type":"currency","unique":false,"updateable":true,"writeRequiresMasterRead":false},{"autoNumber":false,"byteLength":0,"calculated":false,"calculatedFormula":null,"caseSensitive":false,"controllerName":null,"createable":true,"custom":false,"defaultValue":null,"defaultValueFormula":null,"defaultedOnCreate":true,"dependentPicklist":false,"deprecatedAndHidden":false,"digits":0,"externalId":false,"filterable":true,"groupable":false,"htmlFormatted":false,"idLookup":false,"inlineHelpText":null,"label":
"Sales Price","length":0,"name":"UnitPrice","nameField":false,"namePointing":false,"nillable":true,"picklistValues":[],"precision":18,"referenceTo":[],"relationshipName":null,"relationshipOrder":null,"restrictedPicklist":false,"scale":2,"soapType":"xsd:double","sortable":true,"type":"currency","unique":false,"updateable":true,"writeRequiresMasterRead":false},{"autoNumber":false,"byteLength":0,"calculated":false,"calculatedFormula":null,"caseSensitive":false,"controllerName":null,"createable":false,"custom":false,"defaultValue":null,"defaultValueFormula":null,"defaultedOnCreate":false,"dependentPicklist":false,"deprecatedAndHidden":false,"digits":0,"externalId":false,"filterable":true,"groupable":false,"htmlFormatted":false,"idLookup":false,"inlineHelpText":null,"label":
"List Price","length":0,"name":"ListPrice","nameField":false,"namePointing":false,"nillable":true,"picklistValues":[],"precision":18,"referenceTo":[],"relationshipName":null,"relationshipOrder":null,"restrictedPicklist":false,"scale":2,"soapType":"xsd:double","sortable":true,"type":"currency","unique":false,"updateable":false,"writeRequiresMasterRead":false},{"autoNumber":false,"byteLength":0,"calculated":false,"calculatedFormula":null,"caseSensitive":false,"controllerName":null,"createable":true,"custom":false,"defaultValue":null,"defaultValueFormula":null,"defaultedOnCreate":false,"dependentPicklist":false,"deprecatedAndHidden":false,"digits":0,"externalId":false,"filterable":true,"groupable":true,"htmlFormatted":false,"idLookup":false,"inlineHelpText":null,"label":
"Date","length":0,"name":"ServiceDate","nameField":false,"namePointing":false,"nillable":true,"picklistValues":[],"precision":0,"referenceTo":[],"relationshipName":null,"relationshipOrder":null,"restrictedPicklist":false,"scale":0,"soapType":"xsd:date","sortable":true,"type":"date","unique":false,"updateable":true,"writeRequiresMasterRead":false},{"autoNumber":false,"byteLength":765,"calculated":false,"calculatedFormula":null,"caseSensitive":false,"controllerName":null,"createable":true,"custom":false,"defaultValue":null,"defaultValueFormula":null,"defaultedOnCreate":false,"dependentPicklist":false,"deprecatedAndHidden":false,"digits":0,"externalId":false,"filterable":true,"groupable":true,"htmlFormatted":false,"idLookup":false,"inlineHelpText":null,"label":
"Line Description","length":255,"name":"Description","nameField":false,"namePointing":false,"nillable":true,"picklistValues":[],"precision":0,"referenceTo":[],"relationshipName":null,"relationshipOrder":null,"restrictedPicklist":false,"scale":0,"soapType":"xsd:string","sortable":true,"type":"string","unique":false,"updateable":true,"writeRequiresMasterRead":false},{"autoNumber":false,"byteLength":0,"calculated":false,"calculatedFormula":null,"caseSensitive":false,"controllerName":null,"createable":false,"custom":false,"defaultValue":null,"defaultValueFormula":null,"defaultedOnCreate":true,"dependentPicklist":false,"deprecatedAndHidden":false,"digits":0,"externalId":false,"filterable":true,"groupable":false,"htmlFormatted":false,"idLookup":false,"inlineHelpText":null,"label":
"Created Date","length":0,"name":"CreatedDate","nameField":false,"namePointing":false,"nillable":false,"picklistValues":[],"precision":0,"referenceTo":[],"relationshipName":null,"relationshipOrder":null,"restrictedPicklist":false,"scale":0,"soapType":"xsd:dateTime","sortable":true,"type":"datetime","unique":false,"updateable":false,"writeRequiresMasterRead":false},{"autoNumber":false,"byteLength":18,"calculated":false,"calculatedFormula":null,"caseSensitive":false,"controllerName":null,"createable":false,"custom":false,"defaultValue":null,"defaultValueFormula":null,"defaultedOnCreate":true,"dependentPicklist":false,"deprecatedAndHidden":false,"digits":0,"externalId":false,"filterable":true,"groupable":true,"htmlFormatted":false,"idLookup":false,"inlineHelpText":null,"label":
"Created By ID","length":18,"name":"CreatedById","nameField":false,"namePointing":false,"nillable":false,"picklistValues":[],"precision":0,"referenceTo":["User"],"relationshipName":"CreatedBy","relationshipOrder":null,"restrictedPicklist":false,"scale":0,"soapType":"tns:ID","sortable":true,"type":"reference","unique":false,"updateable":false,"writeRequiresMasterRead":false},{"autoNumber":false,"byteLength":0,"calculated":false,"calculatedFormula":null,"caseSensitive":false,"controllerName":null,"createable":false,"custom":false,"defaultValue":null,"defaultValueFormula":null,"defaultedOnCreate":true,"dependentPicklist":false,"deprecatedAndHidden":false,"digits":0,"externalId":false,"filterable":true,"groupable":false,"htmlFormatted":false,"idLookup":false,"inlineHelpText":null,"label":
"Last Modified Date","length":0,"name":"LastModifiedDate","nameField":false,"namePointing":false,"nillable":false,"picklistValues":[],"precision":0,"referenceTo":[],"relationshipName":null,"relationshipOrder":null,"restrictedPicklist":false,"scale":0,"soapType":"xsd:dateTime","sortable":true,"type":"datetime","unique":false,"updateable":false,"writeRequiresMasterRead":false},{"autoNumber":false,"byteLength":18,"calculated":false,"calculatedFormula":null,"caseSensitive":false,"controllerName":null,"createable":false,"custom":false,"defaultValue":null,"defaultValueFormula":null,"defaultedOnCreate":true,"dependentPicklist":false,"deprecatedAndHidden":false,"digits":0,"externalId":false,"filterable":true,"groupable":true,"htmlFormatted":false,"idLookup":false,"inlineHelpText":null,"label":
"Last Modified By ID","length":18,"name":"LastModifiedById","nameField":false,"namePointing":false,"nillable":false,"picklistValues":[],"precision":0,"referenceTo":["User"],"relationshipName":"LastModifiedBy","relationshipOrder":null,"restrictedPicklist":false,"scale":0,"soapType":"tns:ID","sortable":true,"type":"reference","unique":false,"updateable":false,"writeRequiresMasterRead":false},{"autoNumber":false,"byteLength":0,"calculated":false,"calculatedFormula":null,"caseSensitive":false,"controllerName":null,"createable":false,"custom":false,"defaultValue":null,"defaultValueFormula":null,"defaultedOnCreate":true,"dependentPicklist":false,"deprecatedAndHidden":false,"digits":0,"externalId":false,"filterable":true,"groupable":false,"htmlFormatted":false,"idLookup":false,"inlineHelpText":null,"label":
"System Modstamp","length":0,"name":"SystemModstamp","nameField":false,"namePointing":false,"nillable":false,"picklistValues":[],"precision":0,"referenceTo":[],"relationshipName":null,"relationshipOrder":null,"restrictedPicklist":false,"scale":0,"soapType":"xsd:dateTime","sortable":true,"type":"datetime","unique":false,"updateable":false,"writeRequiresMasterRead":false},{"autoNumber":false,"byteLength":0,"calculated":false,"calculatedFormula":null,"caseSensitive":false,"controllerName":null,"createable":false,"custom":false,"defaultValue":null,"defaultValueFormula":null,"defaultedOnCreate":true,"dependentPicklist":false,"deprecatedAndHidden":false,"digits":0,"externalId":false,"filterable":true,"groupable":true,"htmlFormatted":false,"idLookup":false,"inlineHelpText":null,"label":
"Deleted","length":0,"name":"IsDeleted","nameField":false,"namePointing":false,"nillable":false,"picklistValues":[],"precision":0,"referenceTo":[],"relationshipName":null,"relationshipOrder":null,"restrictedPicklist":false,"scale":0,"soapType":"xsd:boolean","sortable":true,"type":"boolean","unique":false,"updateable":false,"writeRequiresMasterRead":false},{"autoNumber":false,"byteLength":0,"calculated":false,"calculatedFormula":null,"caseSensitive":false,"controllerName":null,"createable":true,"custom":true,"defaultValue":null,"defaultValueFormula":null,"defaultedOnCreate":false,"dependentPicklist":false,"deprecatedAndHidden":false,"digits":0,"externalId":false,"filterable":true,"groupable":true,"htmlFormatted":false,"idLookup":false,"inlineHelpText":null,"label":
"Cancellation Date","length":0,"name":"CancellationDate__c","nameField":false,"namePointing":false,"nillable":true,"picklistValues":[],"precision":0,"referenceTo":[],"relationshipName":null,"relationshipOrder":null,"restrictedPicklist":false,"scale":0,"soapType":"xsd:date","sortable":true,"type":"date","unique":false,"updateable":true,"writeRequiresMasterRead":false},{"autoNumber":false,"byteLength":765,"calculated":false,"calculatedFormula":null,"caseSensitive":false,"controllerName":null,"createable":true,"custom":true,"defaultValue":null,"defaultValueFormula":null,"defaultedOnCreate":false,"dependentPicklist":false,"deprecatedAndHidden":false,"digits":0,"externalId":false,"filterable":true,"groupable":true,"htmlFormatted":false,"idLookup":false,"inlineHelpText":null,"label":
"Current Carrier","length":255,"name":"CurrentCarrier__c","nameField":false,"namePointing":false,"nillable":true,"picklistValues":[{"active":true,"defaultValue":false,"label":
"AETNA","validFor":null,"value":"AETNA"},{"active":true,"defaultValue":false,"label":
"AFLAC","validFor":null,"value":"AFLAC"},{"active":true,"defaultValue":false,"label":
"AIG","validFor":null,"value":"AIG"},{"active":true,"defaultValue":false,"label":
"Amalgamated Life","validFor":null,"value":"Amalgamated Life"},{"active":true,"defaultValue":false,"label":
"American Fidelity","validFor":null,"value":"American Fidelity"},{"active":true,"defaultValue":false,"label":
"Anthem","validFor":null,"value":"Anthem"},{"active":true,"defaultValue":false,"label":
"Assurant","validFor":null,"value":"Assurant"},{"active":true,"defaultValue":false,"label":
"AUL","validFor":null,"value":"AUL"},{"active":true,"defaultValue":false,"label":
"Blue Cross Life","validFor":null,"value":"Blue Cross Life"},{"active":true,"defaultValue":false,"label":
"Cigna","validFor":null,"value":"Cigna"},{"active":true,"defaultValue":false,"label":
"Cigna Solicited","validFor":null,"value":"Cigna Solicited"},{"active":true,"defaultValue":false,"label":
"Colonial","validFor":null,"value":"Colonial"},{"active":true,"defaultValue":false,"label":
"Dearborn National","validFor":null,"value":"Dearborn National"},{"active":true,"defaultValue":false,"label":
"Delta Dental","validFor":null,"value":"Delta Dental"},{"active":true,"defaultValue":false,"label":
"Empire Life","validFor":null,"value":"Empire Life"},{"active":true,"defaultValue":false,"label":
"Equitable Life","validFor":null,"value":"Equitable Life"},{"active":true,"defaultValue":false,"label":
"Great-West Life","validFor":null,"value":"Great-West Life"},{"active":true,"defaultValue":false,"label":
"Guardian","validFor":null,"value":"Guardian"},{"active":true,"defaultValue":false,"label":
"Humana","validFor":null,"value":"Humana"},{"active":true,"defaultValue":false,"label":
"Kansas City Life","validFor":null,"value":"Kansas City Life"},{"active":true,"defaultValue":false,"label":
"Liberty Mutual","validFor":null,"value":"Liberty Mutual"},{"active":true,"defaultValue":false,"label":
"Lincoln Financial","validFor":null,"value":"Lincoln Financial"},{"active":true,"defaultValue":false,"label":
"Madison National","validFor":null,"value":"Madison National"},{"active":true,"defaultValue":false,"label":
"MetLife","validFor":null,"value":"MetLife"},{"active":true,"defaultValue":false,"label":
"Minnesota Life","validFor":null,"value":"Minnesota Life"},{"active":true,"defaultValue":false,"label":
"Mutual of Omaha","validFor":null,"value":"Mutual of Omaha"},{"active":true,"defaultValue":false,"label":
"Nationwide","validFor":null,"value":"Nationwide"},{"active":true,"defaultValue":false,"label":
"None","validFor":null,"value":"None"},{"active":true,"defaultValue":false,"label":
"Northwestern Mutual","validFor":null,"value":"Northwestern Mutual"},{"active":true,"defaultValue":false,"label":
"Not Disclosed","validFor":null,"value":"Not Disclosed"},{"active":true,"defaultValue":false,"label":
"Other","validFor":null,"value":"Other"},{"active":true,"defaultValue":false,"label":
"Principal","validFor":null,"value":"Principal"},{"active":true,"defaultValue":false,"label":
"Prudential","validFor":null,"value":"Prudential"},{"active":true,"defaultValue":false,"label":
"Reliance Standard","validFor":null,"value":"Reliance Standard"},{"active":true,"defaultValue":false,"label":
"Self-Insured","validFor":null,"value":"Self-Insured"},{"active":true,"defaultValue":false,"label":
"Sun Life","validFor":null,"value":"Sun Life"},{"active":true,"defaultValue":false,"label":
"Symetra","validFor":null,"value":"Symetra"},{"active":true,"defaultValue":false,"label":
"The Standard","validFor":null,"value":"The Standard"},{"active":true,"defaultValue":false,"label":
"Transamerica","validFor":null,"value":"Transamerica"},{"active":true,"defaultValue":false,"label":
"U.S. Able","validFor":null,"value":"U.S. Able"},{"active":true,"defaultValue":false,"label":
"UHC Specialty","validFor":null,"value":"UHC Specialty"},{"active":true,"defaultValue":false,"label":
"Unknown","validFor":null,"value":"Unknown"},{"active":true,"defaultValue":false,"label":
"UNUM","validFor":null,"value":"UNUM"},{"active":true,"defaultValue":false,"label":
"Voya","validFor":null,"value":"Voya"}],"precision":0,"referenceTo":[],"relationshipName":null,"relationshipOrder":null,"restrictedPicklist":true,"scale":0,"soapType":"xsd:string","sortable":true,"type":"picklist","unique":false,"updateable":true,"writeRequiresMasterRead":false},{"autoNumber":false,"byteLength":0,"calculated":false,"calculatedFormula":null,"caseSensitive":false,"controllerName":null,"createable":true,"custom":true,"defaultValue":null,"defaultValueFormula":null,"defaultedOnCreate":false,"dependentPicklist":false,"deprecatedAndHidden":false,"digits":0,"externalId":false,"filterable":true,"groupable":false,"htmlFormatted":false,"idLookup":false,"inlineHelpText":null,"label":
"Current In-Force Premium","length":0,"name":"CurrentInForcePremium__c","nameField":false,"namePointing":false,"nillable":true,"picklistValues":[],"precision":8,"referenceTo":[],"relationshipName":null,"relationshipOrder":null,"restrictedPicklist":false,"scale":2,"soapType":"xsd:double","sortable":true,"type":"currency","unique":false,"updateable":true,"writeRequiresMasterRead":false},{"autoNumber":false,"byteLength":0,"calculated":false,"calculatedFormula":null,"caseSensitive":false,"controllerName":null,"createable":true,"custom":true,"defaultValue":null,"defaultValueFormula":null,"defaultedOnCreate":false,"dependentPicklist":false,"deprecatedAndHidden":false,"digits":0,"externalId":false,"filterable":true,"groupable":false,"htmlFormatted":false,"idLookup":false,"inlineHelpText":null,"label":
"Current In-Force Rate","length":0,"name":"CurrentInForceRate__c","nameField":false,"namePointing":false,"nillable":true,"picklistValues":[],"precision":5,"referenceTo":[],"relationshipName":null,"relationshipOrder":null,"restrictedPicklist":false,"scale":4,"soapType":"xsd:double","sortable":true,"type":"double","unique":false,"updateable":true,"writeRequiresMasterRead":false},{"autoNumber":false,"byteLength":0,"calculated":false,"calculatedFormula":null,"caseSensitive":false,"controllerName":null,"createable":true,"custom":true,"defaultValue":null,"defaultValueFormula":null,"defaultedOnCreate":false,"dependentPicklist":false,"deprecatedAndHidden":false,"digits":0,"externalId":false,"filterable":true,"groupable":true,"htmlFormatted":false,"idLookup":false,"inlineHelpText":null,"label":
"Effective Date","length":0,"name":"EffectiveDate__c","nameField":false,"namePointing":false,"nillable":true,"picklistValues":[],"precision":0,"referenceTo":[],"relationshipName":null,"relationshipOrder":null,"restrictedPicklist":false,"scale":0,"soapType":"xsd:date","sortable":true,"type":"date","unique":false,"updateable":true,"writeRequiresMasterRead":false},{"autoNumber":false,"byteLength":0,"calculated":false,"calculatedFormula":null,"caseSensitive":false,"controllerName":null,"createable":true,"custom":true,"defaultValue":null,"defaultValueFormula":null,"defaultedOnCreate":false,"dependentPicklist":false,"deprecatedAndHidden":false,"digits":0,"externalId":false,"filterable":true,"groupable":false,"htmlFormatted":false,"idLookup":false,"inlineHelpText":null,"label":
"Estimated Premium","length":0,"name":"EstimatedPremium__c","nameField":false,"namePointing":false,"nillable":true,"picklistValues":[],"precision":8,"referenceTo":[],"relationshipName":null,"relationshipOrder":null,"restrictedPicklist":false,"scale":2,"soapType":"xsd:double","sortable":true,"type":"currency","unique":false,"updateable":true,"writeRequiresMasterRead":false},{"autoNumber":false,"byteLength":0,"calculated":false,"calculatedFormula":null,"caseSensitive":false,"controllerName":null,"createable":true,"custom":true,"defaultValue":null,"defaultValueFormula":null,"defaultedOnCreate":false,"dependentPicklist":false,"deprecatedAndHidden":false,"digits":0,"externalId":false,"filterable":true,"groupable":false,"htmlFormatted":false,"idLookup":false,"inlineHelpText":null,"label":
"Estimated Rate","length":0,"name":"EstimatedRate__c","nameField":false,"namePointing":false,"nillable":true,"picklistValues":[],"precision":5,"referenceTo":[],"relationshipName":null,"relationshipOrder":null,"restrictedPicklist":false,"scale":4,"soapType":"xsd:double","sortable":true,"type":"double","unique":false,"updateable":true,"writeRequiresMasterRead":false},{"autoNumber":false,"byteLength":765,"calculated":false,"calculatedFormula":null,"caseSensitive":false,"controllerName":null,"createable":true,"custom":true,"defaultValue":null,"defaultValueFormula":null,"defaultedOnCreate":false,"dependentPicklist":false,"deprecatedAndHidden":false,"digits":0,"externalId":false,"filterable":true,"groupable":true,"htmlFormatted":false,"idLookup":false,"inlineHelpText":null,"label":
"Low Carrier","length":255,"name":"LowCarrier__c","nameField":false,"namePointing":false,"nillable":true,"picklistValues":[{"active":true,"defaultValue":false,"label":
"AETNA","validFor":null,"value":"AETNA"},{"active":true,"defaultValue":false,"label":
"AFLAC","validFor":null,"value":"AFLAC"},{"active":true,"defaultValue":false,"label":
"AIG","validFor":null,"value":"AIG"},{"active":true,"defaultValue":false,"label":
"Amalgamated Life","validFor":null,"value":"Amalgamated Life"},{"active":true,"defaultValue":false,"label":
"American Fidelity","validFor":null,"value":"American Fidelity"},{"active":true,"defaultValue":false,"label":
"Anthem","validFor":null,"value":"Anthem"},{"active":true,"defaultValue":false,"label":
"Assurant","validFor":null,"value":"Assurant"},{"active":true,"defaultValue":false,"label":
"AUL","validFor":null,"value":"AUL"},{"active":true,"defaultValue":false,"label":
"Blue Cross Life","validFor":null,"value":"Blue Cross Life"},{"active":true,"defaultValue":false,"label":
"Cigna","validFor":null,"value":"Cigna"},{"active":true,"defaultValue":false,"label":
"Cigna Solicited","validFor":null,"value":"Cigna Solicited"},{"active":true,"defaultValue":false,"label":
"Colonial","validFor":null,"value":"Colonial"},{"active":true,"defaultValue":false,"label":
"Dearborn National","validFor":null,"value":"Dearborn National"},{"active":true,"defaultValue":false,"label":
"Delta Dental","validFor":null,"value":"Delta Dental"},{"active":true,"defaultValue":false,"label":
"Empire Life","validFor":null,"value":"Empire Life"},{"active":true,"defaultValue":false,"label":
"Equitable Life","validFor":null,"value":"Equitable Life"},{"active":true,"defaultValue":false,"label":
"Great-West Life","validFor":null,"value":"Great-West Life"},{"active":true,"defaultValue":false,"label":
"Guardian","validFor":null,"value":"Guardian"},{"active":true,"defaultValue":false,"label":
"Humana","validFor":null,"value":"Humana"},{"active":true,"defaultValue":false,"label":
"Kansas City Life","validFor":null,"value":"Kansas City Life"},{"active":true,"defaultValue":false,"label":
"Liberty Mutual","validFor":null,"value":"Liberty Mutual"},{"active":true,"defaultValue":false,"label":
"Lincoln Financial","validFor":null,"value":"Lincoln Financial"},{"active":true,"defaultValue":false,"label":
"Madison National","validFor":null,"value":"Madison National"},{"active":true,"defaultValue":false,"label":
"MetLife","validFor":null,"value":"MetLife"},{"active":true,"defaultValue":false,"label":
"Minnesota Life","validFor":null,"value":"Minnesota Life"},{"active":true,"defaultValue":false,"label":
"Mutual of Omaha","validFor":null,"value":"Mutual of Omaha"},{"active":true,"defaultValue":false,"label":
"Nationwide","validFor":null,"value":"Nationwide"},{"active":true,"defaultValue":false,"label":
"None","validFor":null,"value":"None"},{"active":true,"defaultValue":false,"label":
"Northwestern Mutual","validFor":null,"value":"Northwestern Mutual"},{"active":true,"defaultValue":false,"label":
"Not Disclosed","validFor":null,"value":"Not Disclosed"},{"active":true,"defaultValue":false,"label":
"Other","validFor":null,"value":"Other"},{"active":true,"defaultValue":false,"label":
"Principal","validFor":null,"value":"Principal"},{"active":true,"defaultValue":false,"label":
"Prudential","validFor":null,"value":"Prudential"},{"active":true,"defaultValue":false,"label":
"Reliance Standard","validFor":null,"value":"Reliance Standard"},{"active":true,"defaultValue":false,"label":
"Self-Insured","validFor":null,"value":"Self-Insured"},{"active":true,"defaultValue":false,"label":
"Sun Life","validFor":null,"value":"Sun Life"},{"active":true,"defaultValue":false,"label":
"Symetra","validFor":null,"value":"Symetra"},{"active":true,"defaultValue":false,"label":
"The Standard","validFor":null,"value":"The Standard"},{"active":true,"defaultValue":false,"label":
"Transamerica","validFor":null,"value":"Transamerica"},{"active":true,"defaultValue":false,"label":
"U.S. Able","validFor":null,"value":"U.S. Able"},{"active":true,"defaultValue":false,"label":
"UHC Specialty","validFor":null,"value":"UHC Specialty"},{"active":true,"defaultValue":false,"label":
"Unknown","validFor":null,"value":"Unknown"},{"active":true,"defaultValue":false,"label":
"UNUM","validFor":null,"value":"UNUM"},{"active":true,"defaultValue":false,"label":
"Voya","validFor":null,"value":"Voya"}],"precision":0,"referenceTo":[],"relationshipName":null,"relationshipOrder":null,"restrictedPicklist":true,"scale":0,"soapType":"xsd:string","sortable":true,"type":"picklist","unique":false,"updateable":true,"writeRequiresMasterRead":false},{"autoNumber":false,"byteLength":0,"calculated":false,"calculatedFormula":null,"caseSensitive":false,"controllerName":null,"createable":true,"custom":true,"defaultValue":null,"defaultValueFormula":null,"defaultedOnCreate":false,"dependentPicklist":false,"deprecatedAndHidden":false,"digits":0,"externalId":false,"filterable":true,"groupable":false,"htmlFormatted":false,"idLookup":false,"inlineHelpText":null,"label":
"Low Rate","length":0,"name":"LowRate__c","nameField":false,"namePointing":false,"nillable":true,"picklistValues":[],"precision":5,"referenceTo":[],"relationshipName":null,"relationshipOrder":null,"restrictedPicklist":false,"scale":4,"soapType":"xsd:double","sortable":true,"type":"double","unique":false,"updateable":true,"writeRequiresMasterRead":false},{"autoNumber":false,"byteLength":4099,"calculated":false,"calculatedFormula":null,"caseSensitive":false,"controllerName":null,"createable":true,"custom":true,"defaultValue":null,"defaultValueFormula":null,"defaultedOnCreate":false,"dependentPicklist":false,"deprecatedAndHidden":false,"digits":0,"externalId":false,"filterable":true,"groupable":false,"htmlFormatted":false,"idLookup":false,"inlineHelpText":null,"label":
"Other","length":4099,"name":"Other__c","nameField":false,"namePointing":false,"nillable":true,"picklistValues":[{"active":true,"defaultValue":false,"label":
"Service Population","validFor":null,"value":"Service Population"},{"active":true,"defaultValue":false,"label":
"Prior Experience with Company","validFor":null,"value":"Prior Experience with Company"},{"active":true,"defaultValue":false,"label":
"Price","validFor":null,"value":"Price"},{"active":true,"defaultValue":false,"label":
"Client/Referral Relationship","validFor":null,"value":"Client/Referral Relationship"},{"active":true,"defaultValue":false,"label":
"Broker Relationship","validFor":null,"value":"Broker Relationship"},{"active":true,"defaultValue":false,"label":
"Industry","validFor":null,"value":"Industry"},{"active":true,"defaultValue":false,"label":
"TPA Compatability","validFor":null,"value":"TPA Compatability"},{"active":true,"defaultValue":false,"label":
"State Availability","validFor":null,"value":"State Availability"},{"active":true,"defaultValue":false,"label":
"Compliance Restrictions","validFor":null,"value":"Compliance Restrictions"},{"active":true,"defaultValue":false,"label":
"Other","validFor":null,"value":"Other"},{"active":true,"defaultValue":false,"label":
"Unknown","validFor":null,"value":"Unknown"}],"precision":0,"referenceTo":[],"relationshipName":null,"relationshipOrder":null,"restrictedPicklist":true,"scale":0,"soapType":"xsd:string","sortable":false,"type":"multipicklist","unique":false,"updateable":true,"writeRequiresMasterRead":false},{"autoNumber":false,"byteLength":0,"calculated":true,"calculatedFormula":"IF(ISNULL(QuotedPremium__c),  EstimatedPremium__c ,  QuotedPremium__c)","caseSensitive":false,"controllerName":null,"createable":false,"custom":true,"defaultValue":null,"defaultValueFormula":null,"defaultedOnCreate":false,"dependentPicklist":false,"deprecatedAndHidden":false,"digits":0,"externalId":false,"filterable":true,"groupable":false,"htmlFormatted":false,"idLookup":false,"inlineHelpText":null,"label":
"Pipeline Premium","length":0,"name":"PipelinePremium__c","nameField":false,"namePointing":false,"nillable":true,"picklistValues":[],"precision":18,"referenceTo":[],"relationshipName":null,"relationshipOrder":null,"restrictedPicklist":false,"scale":2,"soapType":"xsd:double","sortable":true,"type":"currency","unique":false,"updateable":false,"writeRequiresMasterRead":false},{"autoNumber":false,"byteLength":4099,"calculated":false,"calculatedFormula":null,"caseSensitive":false,"controllerName":null,"createable":true,"custom":true,"defaultValue":null,"defaultValueFormula":null,"defaultedOnCreate":false,"dependentPicklist":false,"deprecatedAndHidden":false,"digits":0,"externalId":false,"filterable":true,"groupable":false,"htmlFormatted":false,"idLookup":false,"inlineHelpText":null,"label":
"Plan Design","length":4099,"name":"PlanDesign__c","nameField":false,"namePointing":false,"nillable":true,"picklistValues":[{"active":true,"defaultValue":false,"label":
"GI/Max Levels","validFor":null,"value":"GI/Max Levels"},{"active":true,"defaultValue":false,"label":
"Participation Requirement","validFor":null,"value":"Participation Requirement"},{"active":true,"defaultValue":false,"label":
"Number of Classes","validFor":null,"value":"Number of Classes"},{"active":true,"defaultValue":false,"label":
"Own Occ to Age 65","validFor":null,"value":"Own Occ to Age 65"},{"active":true,"defaultValue":false,"label":
"Retiree Population","validFor":null,"value":"Retiree Population"},{"active":true,"defaultValue":false,"label":
"Disabled Emp Population","validFor":null,"value":"Disabled Emp Population"},{"active":true,"defaultValue":false,"label":
"Covered illness/Occurrence Availability","validFor":null,"value":"Covered illness/Occurrence Availability"},{"active":true,"defaultValue":false,"label":
"Other Plan Design","validFor":null,"value":"Other Plan Design"}],"precision":0,"referenceTo":[],"relationshipName":null,"relationshipOrder":null,"restrictedPicklist":true,"scale":0,"soapType":"xsd:string","sortable":false,"type":"multipicklist","unique":false,"updateable":true,"writeRequiresMasterRead":false},{"autoNumber":false,"byteLength":60,"calculated":false,"calculatedFormula":null,"caseSensitive":false,"controllerName":null,"createable":true,"custom":true,"defaultValue":null,"defaultValueFormula":null,"defaultedOnCreate":false,"dependentPicklist":false,"deprecatedAndHidden":false,"digits":0,"externalId":false,"filterable":true,"groupable":true,"htmlFormatted":false,"idLookup":false,"inlineHelpText":null,"label":
"Policy ID","length":20,"name":"PolicyID__c","nameField":false,"namePointing":false,"nillable":true,"picklistValues":[],"precision":0,"referenceTo":[],"relationshipName":null,"relationshipOrder":null,"restrictedPicklist":false,"scale":0,"soapType":"xsd:string","sortable":true,"type":"string","unique":false,"updateable":true,"writeRequiresMasterRead":false},{"autoNumber":false,"byteLength":0,"calculated":false,"calculatedFormula":null,"caseSensitive":false,"controllerName":null,"createable":true,"custom":true,"defaultValue":null,"defaultValueFormula":null,"defaultedOnCreate":false,"dependentPicklist":false,"deprecatedAndHidden":false,"digits":0,"externalId":false,"filterable":true,"groupable":false,"htmlFormatted":false,"idLookup":false,"inlineHelpText":null,"label":
"Probability","length":0,"name":"Probability__c","nameField":false,"namePointing":false,"nillable":true,"picklistValues":[],"precision":3,"referenceTo":[],"relationshipName":null,"relationshipOrder":null,"restrictedPicklist":false,"scale":0,"soapType":"xsd:double","sortable":true,"type":"percent","unique":false,"updateable":true,"writeRequiresMasterRead":false},{"autoNumber":false,"byteLength":3900,"calculated":true,"calculatedFormula":"PricebookEntry.Product2.Description","caseSensitive":false,"controllerName":null,"createable":false,"custom":true,"defaultValue":null,"defaultValueFormula":null,"defaultedOnCreate":false,"dependentPicklist":false,"deprecatedAndHidden":false,"digits":0,"externalId":false,"filterable":true,"groupable":false,"htmlFormatted":false,"idLookup":false,"inlineHelpText":null,"label":
"Product Description","length":1300,"name":"ProductDescription__c","nameField":false,"namePointing":false,"nillable":true,"picklistValues":[],"precision":0,"referenceTo":[],"relationshipName":null,"relationshipOrder":null,"restrictedPicklist":false,"scale":0,"soapType":"xsd:string","sortable":true,"type":"string","unique":false,"updateable":false,"writeRequiresMasterRead":false},{"autoNumber":false,"byteLength":4099,"calculated":false,"calculatedFormula":null,"caseSensitive":false,"controllerName":null,"createable":true,"custom":true,"defaultValue":null,"defaultValueFormula":null,"defaultedOnCreate":false,"dependentPicklist":false,"deprecatedAndHidden":false,"digits":0,"externalId":false,"filterable":true,"groupable":false,"htmlFormatted":false,"idLookup":false,"inlineHelpText":null,"label":
"Product/Service Features","length":4099,"name":"ProductServiceFeatures__c","nameField":false,"namePointing":false,"nillable":true,"picklistValues":[{"active":true,"defaultValue":false,"label":
"Insured STD","validFor":null,"value":"Insured STD"},{"active":true,"defaultValue":false,"label":
"Contributory Issues","validFor":null,"value":"Contributory Issues"},{"active":true,"defaultValue":false,"label":
"Standalone Term Life(<500 lives)","validFor":null,"value":"Standalone Term Life(<500 lives)"},{"active":true,"defaultValue":false,"label":
"Enrollment Capabilities","validFor":null,"value":"Enrollment Capabilities"},{"active":true,"defaultValue":false,"label":
"Administrative Capabilities","validFor":null,"value":"Administrative Capabilities"},{"active":true,"defaultValue":false,"label":
"Package Products Coverages","validFor":null,"value":"Package Products Coverages"},{"active":true,"defaultValue":false,"label":
"Competitiveness of Other Products","validFor":null,"value":"Competitiveness of Other Products"},{"active":true,"defaultValue":false,"label":
"Other Prod/Service Features","validFor":null,"value":"Other Prod/Service Features"}],"precision":0,"referenceTo":[],"relationshipName":null,"relationshipOrder":null,"restrictedPicklist":true,"scale":0,"soapType":"xsd:string","sortable":false,"type":"multipicklist","unique":false,"updateable":true,"writeRequiresMasterRead":false},{"autoNumber":false,"byteLength":765,"calculated":false,"calculatedFormula":null,"caseSensitive":false,"controllerName":null,"createable":true,"custom":true,"defaultValue":null,"defaultValueFormula":null,"defaultedOnCreate":false,"dependentPicklist":false,"deprecatedAndHidden":false,"digits":0,"externalId":false,"filterable":true,"groupable":true,"htmlFormatted":false,"idLookup":false,"inlineHelpText":null,"label":
"Product Status","length":255,"name":"ProductStatus__c","nameField":false,"namePointing":false,"nillable":true,"picklistValues":[{"active":true,"defaultValue":true,"label":
"Open","validFor":null,"value":"Open"},{"active":true,"defaultValue":false,"label":
"Won","validFor":null,"value":"Won"},{"active":true,"defaultValue":false,"label":
"Lost","validFor":null,"value":"Lost"},{"active":true,"defaultValue":false,"label":
"Declined","validFor":null,"value":"Declined"},{"active":true,"defaultValue":false,"label":
"Canceled","validFor":null,"value":"Canceled"}],"precision":0,"referenceTo":[],"relationshipName":null,"relationshipOrder":null,"restrictedPicklist":true,"scale":0,"soapType":"xsd:string","sortable":true,"type":"picklist","unique":false,"updateable":true,"writeRequiresMasterRead":false},{"autoNumber":false,"byteLength":0,"calculated":false,"calculatedFormula":null,"caseSensitive":false,"controllerName":null,"createable":true,"custom":true,"defaultValue":null,"defaultValueFormula":null,"defaultedOnCreate":false,"dependentPicklist":false,"deprecatedAndHidden":false,"digits":0,"externalId":false,"filterable":true,"groupable":false,"htmlFormatted":false,"idLookup":false,"inlineHelpText":null,"label":
"Quoted Premium","length":0,"name":"QuotedPremium__c","nameField":false,"namePointing":false,"nillable":true,"picklistValues":[],"precision":8,"referenceTo":[],"relationshipName":null,"relationshipOrder":null,"restrictedPicklist":false,"scale":2,"soapType":"xsd:double","sortable":true,"type":"currency","unique":false,"updateable":true,"writeRequiresMasterRead":false},{"autoNumber":false,"byteLength":0,"calculated":false,"calculatedFormula":null,"caseSensitive":false,"controllerName":null,"createable":true,"custom":true,"defaultValue":null,"defaultValueFormula":null,"defaultedOnCreate":false,"dependentPicklist":false,"deprecatedAndHidden":false,"digits":0,"externalId":false,"filterable":true,"groupable":false,"htmlFormatted":false,"idLookup":false,"inlineHelpText":null,"label":
"Quoted Rate","length":0,"name":"QuotedRate__c","nameField":false,"namePointing":false,"nillable":true,"picklistValues":[],"precision":5,"referenceTo":[],"relationshipName":null,"relationshipOrder":null,"restrictedPicklist":false,"scale":4,"soapType":"xsd:double","sortable":true,"type":"double","unique":false,"updateable":true,"writeRequiresMasterRead":false},{"autoNumber":false,"byteLength":0,"calculated":false,"calculatedFormula":null,"caseSensitive":false,"controllerName":null,"createable":true,"custom":true,"defaultValue":null,"defaultValueFormula":null,"defaultedOnCreate":false,"dependentPicklist":false,"deprecatedAndHidden":false,"digits":0,"externalId":false,"filterable":true,"groupable":false,"htmlFormatted":false,"idLookup":false,"inlineHelpText":"Rate Guarantee period should be entered in months","label":
"Rate Guarantee","length":0,"name":"RateGuarantee__c","nameField":false,"namePointing":false,"nillable":true,"picklistValues":[],"precision":3,"referenceTo":[],"relationshipName":null,"relationshipOrder":null,"restrictedPicklist":false,"scale":0,"soapType":"xsd:double","sortable":true,"type":"double","unique":false,"updateable":true,"writeRequiresMasterRead":false},{"autoNumber":false,"byteLength":0,"calculated":false,"calculatedFormula":null,"caseSensitive":false,"controllerName":null,"createable":true,"custom":true,"defaultValue":null,"defaultValueFormula":null,"defaultedOnCreate":false,"dependentPicklist":false,"deprecatedAndHidden":false,"digits":0,"externalId":false,"filterable":true,"groupable":false,"htmlFormatted":false,"idLookup":false,"inlineHelpText":null,"label":
"Rate","length":0,"name":"Rate__c","nameField":false,"namePointing":false,"nillable":true,"picklistValues":[],"precision":5,"referenceTo":[],"relationshipName":null,"relationshipOrder":null,"restrictedPicklist":false,"scale":4,"soapType":"xsd:double","sortable":true,"type":"double","unique":false,"updateable":true,"writeRequiresMasterRead":false},{"autoNumber":false,"byteLength":0,"calculated":false,"calculatedFormula":null,"caseSensitive":false,"controllerName":null,"createable":true,"custom":true,"defaultValue":null,"defaultValueFormula":null,"defaultedOnCreate":false,"dependentPicklist":false,"deprecatedAndHidden":false,"digits":0,"externalId":false,"filterable":true,"groupable":false,"htmlFormatted":false,"idLookup":false,"inlineHelpText":null,"label":
"Sold Premium","length":0,"name":"SoldPremium__c","nameField":false,"namePointing":false,"nillable":true,"picklistValues":[],"precision":8,"referenceTo":[],"relationshipName":null,"relationshipOrder":null,"restrictedPicklist":false,"scale":2,"soapType":"xsd:double","sortable":true,"type":"currency","unique":false,"updateable":true,"writeRequiresMasterRead":false},{"autoNumber":false,"byteLength":0,"calculated":false,"calculatedFormula":null,"caseSensitive":false,"controllerName":null,"createable":true,"custom":true,"defaultValue":null,"defaultValueFormula":null,"defaultedOnCreate":false,"dependentPicklist":false,"deprecatedAndHidden":false,"digits":0,"externalId":false,"filterable":true,"groupable":false,"htmlFormatted":false,"idLookup":false,"inlineHelpText":null,"label":
"Sold Rate","length":0,"name":"SoldRate__c","nameField":false,"namePointing":false,"nillable":true,"picklistValues":[],"precision":5,"referenceTo":[],"relationshipName":null,"relationshipOrder":null,"restrictedPicklist":false,"scale":4,"soapType":"xsd:double","sortable":true,"type":"double","unique":false,"updateable":true,"writeRequiresMasterRead":false},{"autoNumber":false,"byteLength":0,"calculated":false,"calculatedFormula":null,"caseSensitive":false,"controllerName":null,"createable":true,"custom":true,"defaultValue":null,"defaultValueFormula":null,"defaultedOnCreate":false,"dependentPicklist":false,"deprecatedAndHidden":false,"digits":0,"externalId":false,"filterable":true,"groupable":false,"htmlFormatted":false,"idLookup":false,"inlineHelpText":null,"label":
"Total Eligible Employees","length":0,"name":"TotalEligibleEmployees__c","nameField":false,"namePointing":false,"nillable":true,"picklistValues":[],"precision":18,"referenceTo":[],"relationshipName":null,"relationshipOrder":null,"restrictedPicklist":false,"scale":0,"soapType":"xsd:double","sortable":true,"type":"double","unique":false,"updateable":true,"writeRequiresMasterRead":false},{"autoNumber":false,"byteLength":765,"calculated":false,"calculatedFormula":null,"caseSensitive":false,"controllerName":null,"createable":true,"custom":true,"defaultValue":null,"defaultValueFormula":null,"defaultedOnCreate":false,"dependentPicklist":false,"deprecatedAndHidden":false,"digits":0,"externalId":false,"filterable":true,"groupable":true,"htmlFormatted":false,"idLookup":false,"inlineHelpText":null,"label":
"Winning Carrier","length":255,"name":"WinningCarrier__c","nameField":false,"namePointing":false,"nillable":true,"picklistValues":[{"active":true,"defaultValue":false,"label":
"AETNA","validFor":null,"value":"AETNA"},{"active":true,"defaultValue":false,"label":
"AFLAC","validFor":null,"value":"AFLAC"},{"active":true,"defaultValue":false,"label":
"AIG","validFor":null,"value":"AIG"},{"active":true,"defaultValue":false,"label":
"Amalgamated Life","validFor":null,"value":"Amalgamated Life"},{"active":true,"defaultValue":false,"label":
"American Fidelity","validFor":null,"value":"American Fidelity"},{"active":true,"defaultValue":false,"label":
"Anthem","validFor":null,"value":"Anthem"},{"active":true,"defaultValue":false,"label":
"Assurant","validFor":null,"value":"Assurant"},{"active":true,"defaultValue":false,"label":
"AUL","validFor":null,"value":"AUL"},{"active":true,"defaultValue":false,"label":
"Blue Cross Life","validFor":null,"value":"Blue Cross Life"},{"active":true,"defaultValue":false,"label":
"Cigna","validFor":null,"value":"Cigna"},{"active":true,"defaultValue":false,"label":
"Cigna Solicited","validFor":null,"value":"Cigna Solicited"},{"active":true,"defaultValue":false,"label":
"Colonial","validFor":null,"value":"Colonial"},{"active":true,"defaultValue":false,"label":
"Dearborn National","validFor":null,"value":"Dearborn National"},{"active":true,"defaultValue":false,"label":
"Delta Dental","validFor":null,"value":"Delta Dental"},{"active":true,"defaultValue":false,"label":
"Empire Life","validFor":null,"value":"Empire Life"},{"active":true,"defaultValue":false,"label":
"Equitable Life","validFor":null,"value":"Equitable Life"},{"active":true,"defaultValue":false,"label":
"Great-West Life","validFor":null,"value":"Great-West Life"},{"active":true,"defaultValue":false,"label":
"Guardian","validFor":null,"value":"Guardian"},{"active":true,"defaultValue":false,"label":
"Humana","validFor":null,"value":"Humana"},{"active":true,"defaultValue":false,"label":
"Kansas City Life","validFor":null,"value":"Kansas City Life"},{"active":true,"defaultValue":false,"label":
"Liberty Mutual","validFor":null,"value":"Liberty Mutual"},{"active":true,"defaultValue":false,"label":
"Lincoln Financial","validFor":null,"value":"Lincoln Financial"},{"active":true,"defaultValue":false,"label":
"Madison National","validFor":null,"value":"Madison National"},{"active":true,"defaultValue":false,"label":
"MetLife","validFor":null,"value":"MetLife"},{"active":true,"defaultValue":false,"label":
"Minnesota Life","validFor":null,"value":"Minnesota Life"},{"active":true,"defaultValue":false,"label":
"Mutual of Omaha","validFor":null,"value":"Mutual of Omaha"},{"active":true,"defaultValue":false,"label":
"Nationwide","validFor":null,"value":"Nationwide"},{"active":true,"defaultValue":false,"label":
"None","validFor":null,"value":"None"},{"active":true,"defaultValue":false,"label":
"Northwestern Mutual","validFor":null,"value":"Northwestern Mutual"},{"active":true,"defaultValue":false,"label":
"Not Disclosed","validFor":null,"value":"Not Disclosed"},{"active":true,"defaultValue":false,"label":
"Other","validFor":null,"value":"Other"},{"active":true,"defaultValue":false,"label":
"Principal","validFor":null,"value":"Principal"},{"active":true,"defaultValue":false,"label":
"Prudential","validFor":null,"value":"Prudential"},{"active":true,"defaultValue":false,"label":
"Reliance Standard","validFor":null,"value":"Reliance Standard"},{"active":true,"defaultValue":false,"label":
"Self-Insured","validFor":null,"value":"Self-Insured"},{"active":true,"defaultValue":false,"label":
"Sun Life","validFor":null,"value":"Sun Life"},{"active":true,"defaultValue":false,"label":
"Symetra","validFor":null,"value":"Symetra"},{"active":true,"defaultValue":false,"label":
"The Standard","validFor":null,"value":"The Standard"},{"active":true,"defaultValue":false,"label":
"Transamerica","validFor":null,"value":"Transamerica"},{"active":true,"defaultValue":false,"label":
"U.S. Able","validFor":null,"value":"U.S. Able"},{"active":true,"defaultValue":false,"label":
"UHC Specialty","validFor":null,"value":"UHC Specialty"},{"active":true,"defaultValue":false,"label":
"Unknown","validFor":null,"value":"Unknown"},{"active":true,"defaultValue":false,"label":
"UNUM","validFor":null,"value":"UNUM"},{"active":true,"defaultValue":false,"label":
"Voya","validFor":null,"value":"Voya"}],"precision":0,"referenceTo":[],"relationshipName":null,"relationshipOrder":null,"restrictedPicklist":true,"scale":0,"soapType":"xsd:string","sortable":true,"type":"picklist","unique":false,"updateable":true,"writeRequiresMasterRead":false},{"autoNumber":false,"byteLength":0,"calculated":false,"calculatedFormula":null,"caseSensitive":false,"controllerName":null,"createable":true,"custom":true,"defaultValue":null,"defaultValueFormula":null,"defaultedOnCreate":false,"dependentPicklist":false,"deprecatedAndHidden":false,"digits":0,"externalId":false,"filterable":true,"groupable":false,"htmlFormatted":false,"idLookup":false,"inlineHelpText":null,"label":
"Winning Rate","length":0,"name":"WinningRate__c","nameField":false,"namePointing":false,"nillable":true,"picklistValues":[],"precision":5,"referenceTo":[],"relationshipName":null,"relationshipOrder":null,"restrictedPicklist":false,"scale":4,"soapType":"xsd:double","sortable":true,"type":"double","unique":false,"updateable":true,"writeRequiresMasterRead":false},{"autoNumber":false,"byteLength":765,"calculated":false,"calculatedFormula":null,"caseSensitive":false,"controllerName":null,"createable":true,"custom":true,"defaultValue":null,"defaultValueFormula":null,"defaultedOnCreate":false,"dependentPicklist":false,"deprecatedAndHidden":false,"digits":0,"externalId":false,"filterable":true,"groupable":true,"htmlFormatted":false,"idLookup":false,"inlineHelpText":null,"label":
"Origin","length":255,"name":"Origin__c","nameField":false,"namePointing":false,"nillable":true,"picklistValues":[{"active":true,"defaultValue":false,"label":
"Virgin","validFor":null,"value":"Virgin"},{"active":true,"defaultValue":false,"label":
"Takeover","validFor":null,"value":"Takeover"}],"precision":0,"referenceTo":[],"relationshipName":null,"relationshipOrder":null,"restrictedPicklist":true,"scale":0,"soapType":"xsd:string","sortable":true,"type":"picklist","unique":false,"updateable":true,"writeRequiresMasterRead":false},{"autoNumber":false,"byteLength":765,"calculated":false,"calculatedFormula":null,"caseSensitive":false,"controllerName":null,"createable":true,"custom":true,"defaultValue":null,"defaultValueFormula":null,"defaultedOnCreate":false,"dependentPicklist":false,"deprecatedAndHidden":false,"digits":0,"externalId":false,"filterable":true,"groupable":true,"htmlFormatted":false,"idLookup":false,"inlineHelpText":null,"label":
"Solicitation","length":255,"name":"Solicitation__c","nameField":false,"namePointing":false,"nillable":true,"picklistValues":[{"active":true,"defaultValue":false,"label":
"Client Solicited","validFor":null,"value":"Client Solicited"},{"active":true,"defaultValue":false,"label":
"Sales Team Solicited","validFor":null,"value":"Sales Team Solicited"}],"precision":0,"referenceTo":[],"relationshipName":null,"relationshipOrder":null,"restrictedPicklist":true,"scale":0,"soapType":"xsd:string","sortable":true,"type":"picklist","unique":false,"updateable":true,"writeRequiresMasterRead":false},{"autoNumber":false,"byteLength":18,"calculated":false,"calculatedFormula":null,"caseSensitive":false,"controllerName":null,"createable":true,"custom":true,"defaultValue":null,"defaultValueFormula":null,"defaultedOnCreate":false,"dependentPicklist":false,"deprecatedAndHidden":false,"digits":0,"externalId":false,"filterable":true,"groupable":true,"htmlFormatted":false,"idLookup":false,"inlineHelpText":null,"label":
"Policy Number","length":18,"name":"PolicyNumber__c","nameField":false,"namePointing":false,"nillable":true,"picklistValues":[],"precision":0,"referenceTo":["Policy__c"],"relationshipName":"PolicyNumber__r","relationshipOrder":null,"restrictedPicklist":false,"scale":0,"soapType":"tns:ID","sortable":true,"type":"reference","unique":false,"updateable":true,"writeRequiresMasterRead":false}],"keyPrefix":"00k","label":
"Opportunity Product","labelPl
ural":"Opportunity Product","layoutable":true,"listviewable":null,"lookupLayoutable":null,"mergeable":false,"name":"OpportunityLineItem","queryable":true,"recordTypeInfos":[],"replicateable":true,"retrieveable":true,"searchLayoutable":null,"searchable":false,"sobjectDescribeOption":"FULL","triggerable":true,"undeletable":false,"updateable":true,"urls":{"rowTemplate":"/services/data/v20.0/sobjects/OpportunityLineItem/{ID}","describe":"/services/data/v20.0/sobjects/OpportunityLineItem/describe","sobject":"/services/data/v20.0/sobjects/OpportunityLineItem"}}