{"actionOverrides":[{"formFactor":"LARGE","isAvailableInTouch":false,"name":"View","pageId":"0M00r0000008tIWCAY","url":null}],"activateable":false,"childRelationships":[{"cascadeDelete":true,"childSObject":"AIInsightValue","deprecatedAndHidden":false,"field":"SobjectLookupValueId","junctionIdListNames":[],"junctionReferenceTo":[],"relationshipName":null,"restrictedDelete":false},{"cascadeDelete":true,"childSObject":"AIRecordInsight","deprecatedAndHidden":false,"field":"TargetId","junctionIdListNames":[],"junctionReferenceTo":[],"relationshipName":null,"restrictedDelete":false},{"cascadeDelete":true,"childSObject":"AttachedContentDocument","deprecatedAndHidden":false,"field":"LinkedEntityId","junctionIdListNames":[],"junctionReferenceTo":[],"relationshipName":"AttachedContentDocuments","restrictedDelete":false},{"cascadeDelete":true,"childSObject":"AttachedContentNote","deprecatedAndHidden":false,"field":"LinkedEntityId","junctionIdListNames":[],"junctionReferenceTo":[],"relationshipName":"AttachedContentNotes","restrictedDelete":false},{"cascadeDelete":true,"childSObject":"Attachment","deprecatedAndHidden":false,"field":"ParentId","junctionIdListNames":[],"junctionReferenceTo":[],"relationshipName":"Attachments","restrictedDelete":false},{"cascadeDelete":true,"childSObject":"CollaborationGroupRecord","deprecatedAndHidden":false,"field":"RecordId","junctionIdListNames":[],"junctionReferenceTo":[],"relationshipName":"RecordAssociatedGroups","restrictedDelete":false},{"cascadeDelete":true,"childSObject":"CombinedAttachment","deprecatedAndHidden":false,"field":"ParentId","junctionIdListNames":[],"junctionReferenceTo":[],"relationshipName":"CombinedAttachments","restrictedDelete":false},{"cascadeDelete":false,"childSObject":"ContactRequest","deprecatedAndHidden":false,"field":"WhatId","junctionIdListNames":[],"junctionReferenceTo":[],"relationshipName":"ContactRequests","restrictedDelete":false},{"cascadeDelete":true,"childSObject":"ContentDistribution","deprecatedAndHidden":false,"field":"RelatedRecordId","junctionIdListNames":[],"junctionReferenceTo":[],"relationshipName":null,"restrictedDelete":false},{"cascadeDelete":true,"childSObject":"ContentDocumentLink","deprecatedAndHidden":false,"field":"LinkedEntityId","junctionIdListNames":[],"junctionReferenceTo":[],"relationshipName":"ContentDocumentLinks","restrictedDelete":false},{"cascadeDelete":false,"childSObject":"ContentVersion","deprecatedAndHidden":false,"field":"FirstPublishLocationId","junctionIdListNames":[],"junctionReferenceTo":[],"relationshipName":null,"restrictedDelete":false},{"cascadeDelete":true,"childSObject":"DuplicateRecordItem","deprecatedAndHidden":false,"field":"RecordId","junctionIdListNames":[],"junctionReferenceTo":[],"relationshipName":"DuplicateRecordItems","restrictedDelete":false},{"cascadeDelete":false,"childSObject":"EmailMessageChangeEvent","deprecatedAndHidden":false,"field":"RelatedToId","junctionIdListNames":[],"junctionReferenceTo":[],"relationshipName":null,"restrictedDelete":false},{"cascadeDelete":true,"childSObject":"EntitySubscription","deprecatedAndHidden":false,"field":"ParentId","junctionIdListNames":[],"junctionReferenceTo":[],"relationshipName":"FeedSubscriptionsForEntity","restrictedDelete":false},{"cascadeDelete":false,"childSObject":"EventChangeEvent","deprecatedAndHidden":false,"field":"WhatId","junctionIdListNames":[],"junctionReferenceTo":[],"relationshipName":null,"restrictedDelete":false},{"cascadeDelete":true,"childSObject":"EventRelation","deprecatedAndHidden":false,"field":"RelationId","junctionIdListNames":[],"junctionReferenceTo":[],"relationshipName":"EventRelations","restrictedDelete":false},{"cascadeDelete":false,"childSObject":"EventRelationChangeEvent","deprecatedAndHidden":false,"field":"RelationId","junctionIdListNames":[],"junctionReferenceTo":[],"relationshipName":null,"restrictedDelete":false},{"cascadeDelete":false,"childSObject":"FeedComment","deprecatedAndHidden":false,"field":"ParentId","junctionIdListNames":[],"junctionReferenceTo":[],"relationshipName":null,"restrictedDelete":false},{"cascadeDelete":true,"childSObject":"FeedItem","deprecatedAndHidden":false,"field":"ParentId","junctionIdListNames":[],"junctionReferenceTo":[],"relationshipName":null,"restrictedDelete":false},{"cascadeDelete":false,"childSObject":"FlowExecutionErrorEvent","deprecatedAndHidden":false,"field":"ContextRecordId","junctionIdListNames":[],"junctionReferenceTo":[],"relationshipName":null,"restrictedDelete":false},{"cascadeDelete":false,"childSObject":"FlowRecordRelation","deprecatedAndHidden":false,"field":"RelatedRecordId","junctionIdListNames":[],"junctionReferenceTo":[],"relationshipName":null,"restrictedDelete":false},{"cascadeDelete":true,"childSObject":"Note","deprecatedAndHidden":false,"field":"ParentId","junctionIdListNames":[],"junctionReferenceTo":[],"relationshipName":"Notes","restrictedDelete":false},{"cascadeDelete":true,"childSObject":"NoteAndAttachment","deprecatedAndHidden":false,"field":"ParentId","junctionIdListNames":[],"junctionReferenceTo":[],"relationshipName":"NotesAndAttachments","restrictedDelete":false},{"cascadeDelete":true,"childSObject":"ProcessInstance","deprecatedAndHidden":false,"field":"TargetObjectId","junctionIdListNames":[],"junctionReferenceTo":[],"relationshipName":"ProcessInstances","restrictedDelete":false},{"cascadeDelete":false,"childSObject":"ProcessInstanceHistory","deprecatedAndHidden":false,"field":"TargetObjectId","junctionIdListNames":[],"junctionReferenceTo":[],"relationshipName":"ProcessSteps","restrictedDelete":false},{"cascadeDelete":true,"childSObject":"RecordAction","deprecatedAndHidden":false,"field":"RecordId","junctionIdListNames":[],"junctionReferenceTo":[],"relationshipName":"RecordActions","restrictedDelete":false},{"cascadeDelete":false,"childSObject":"RecordActionHistory","deprecatedAndHidden":false,"field":"ParentRecordId","junctionIdListNames":[],"junctionReferenceTo":[],"relationshipName":"RecordActionHistories","restrictedDelete":false},{"cascadeDelete":false,"childSObject":"TaskChangeEvent","deprecatedAndHidden":false,"field":"WhatId","junctionIdListNames":[],"junctionReferenceTo":[],"relationshipName":null,"restrictedDelete":false},{"cascadeDelete":true,"childSObject":"TaskRelation","deprecatedAndHidden":false,"field":"RelationId","junctionIdListNames":[],"junctionReferenceTo":[],"relationshipName":"TaskRelations","restrictedDelete":false},{"cascadeDelete":false,"childSObject":"TaskRelationChangeEvent","deprecatedAndHidden":false,"field":"RelationId","junctionIdListNames":[],"junctionReferenceTo":[],"relationshipName":null,"restrictedDelete":false},{"cascadeDelete":true,"childSObject":"TopicAssignment","deprecatedAndHidden":false,"field":"EntityId","junctionIdListNames":[],"junctionReferenceTo":[],"relationshipName":"TopicAssignments","restrictedDelete":false}],"compactLayoutable":true,"createable":true,"custom":true,"customSetting":false,"deepCloneable":false,"defaultImplementation":null,"deletable":true,"deprecatedAndHidden":false,"extendedBy":null,"extendsInterfaces":null,"feedEnabled":false,"fields":[{"aggregatable":true,"aiPredictionField":false,"autoNumber":false,"byteLength":18,"calculated":false,"calculatedFormula":null,"cascadeDelete":false,"caseSensitive":false,"compoundFieldName":null,"controllerName":null,"createable":false,"custom":false,"defaultValue":null,"defaultValueFormula":null,"defaultedOnCreate":true,"dependentPicklist":false,"deprecatedAndHidden":false,"digits":0,"displayLocationInDecimal":false,"encrypted":false,"externalId":false,"extraTypeInfo":null,"filterable":true,"filteredLookupInfo":null,"formulaTreatNullNumberAsZero":false,"groupable":true,"highScaleNumber":false,"htmlFormatted":false,"idLookup":true,"inlineHelpText":null,"label":
"Record ID","length":18,"mask":null,"maskType":null,"name":"Id","nameField":false,"namePointing":false,"nillable":false,"permissionable":false,"picklistValues":[],"polymorphicForeignKey":false,"precision":0,"queryByDistance":false,"referenceTargetField":null,"referenceTo":[],"relationshipName":null,"relationshipOrder":null,"restrictedDelete":false,"restrictedPicklist":false,"scale":0,"searchPrefilterable":false,"soapType":"tns:ID","sortable":true,"type":"id","unique":false,"updateable":false,"writeRequiresMasterRead":false},{"aggregatable":false,"aiPredictionField":false,"autoNumber":false,"byteLength":0,"calculated":false,"calculatedFormula":null,"cascadeDelete":false,"caseSensitive":false,"compoundFieldName":null,"controllerName":null,"createable":false,"custom":false,"defaultValue":false,"defaultValueFormula":null,"defaultedOnCreate":true,"dependentPicklist":false,"deprecatedAndHidden":false,"digits":0,"displayLocationInDecimal":false,"encrypted":false,"externalId":false,"extraTypeInfo":null,"filterable":true,"filteredLookupInfo":null,"formulaTreatNullNumberAsZero":false,"groupable":true,"highScaleNumber":false,"htmlFormatted":false,"idLookup":false,"inlineHelpText":null,"label":
"Deleted","length":0,"mask":null,"maskType":null,"name":"IsDeleted","nameField":false,"namePointing":false,"nillable":false,"permissionable":false,"picklistValues":[],"polymorphicForeignKey":false,"precision":0,"queryByDistance":false,"referenceTargetField":null,"referenceTo":[],"relationshipName":null,"relationshipOrder":null,"restrictedDelete":false,"restrictedPicklist":false,"scale":0,"searchPrefilterable":false,"soapType":"xsd:boolean","sortable":true,"type":"boolean","unique":false,"updateable":false,"writeRequiresMasterRead":false},{"aggregatable":true,"aiPredictionField":false,"autoNumber":false,"byteLength":240,"calculated":false,"calculatedFormula":null,"cascadeDelete":false,"caseSensitive":false,"compoundFieldName":null,"controllerName":null,"createable":true,"custom":false,"defaultValue":null,"defaultValueFormula":null,"defaultedOnCreate":true,"dependentPicklist":false,"deprecatedAndHidden":false,"digits":0,"displayLocationInDecimal":false,"encrypted":false,"externalId":false,"extraTypeInfo":null,"filterable":true,"filteredLookupInfo":null,"formulaTreatNullNumberAsZero":false,"groupable":true,"highScaleNumber":false,"htmlFormatted":false,"idLookup":true,"inlineHelpText":null,"label":
"Policy Number","length":80,"mask":null,"maskType":null,"name":"Name","nameField":true,"namePointing":false,"nillable":true,"permissionable":false,"picklistValues":[],"polymorphicForeignKey":false,"precision":0,"queryByDistance":false,"referenceTargetField":null,"referenceTo":[],"relationshipName":null,"relationshipOrder":null,"restrictedDelete":false,"restrictedPicklist":false,"scale":0,"searchPrefilterable":false,"soapType":"xsd:string","sortable":true,"type":"string","unique":false,"updateable":true,"writeRequiresMasterRead":false},{"aggregatable":true,"aiPredictionField":false,"autoNumber":false,"byteLength":0,"calculated":false,"calculatedFormula":null,"cascadeDelete":false,"caseSensitive":false,"compoundFieldName":null,"controllerName":null,"createable":false,"custom":false,"defaultValue":null,"defaultValueFormula":null,"defaultedOnCreate":true,"dependentPicklist":false,"deprecatedAndHidden":false,"digits":0,"displayLocationInDecimal":false,"encrypted":false,"externalId":false,"extraTypeInfo":null,"filterable":true,"filteredLookupInfo":null,"formulaTreatNullNumberAsZero":false,"groupable":false,"highScaleNumber":false,"htmlFormatted":false,"idLookup":false,"inlineHelpText":null,"label":
"Created Date","length":0,"mask":null,"maskType":null,"name":"CreatedDate","nameField":false,"namePointing":false,"nillable":false,"permissionable":false,"picklistValues":[],"polymorphicForeignKey":false,"precision":0,"queryByDistance":false,"referenceTargetField":null,"referenceTo":[],"relationshipName":null,"relationshipOrder":null,"restrictedDelete":false,"restrictedPicklist":false,"scale":0,"searchPrefilterable":false,"soapType":"xsd:dateTime","sortable":true,"type":"datetime","unique":false,"updateable":false,"writeRequiresMasterRead":false},{"aggregatable":true,"aiPredictionField":false,"autoNumber":false,"byteLength":18,"calculated":false,"calculatedFormula":null,"cascadeDelete":false,"caseSensitive":false,"compoundFieldName":null,"controllerName":null,"createable":false,"custom":false,"defaultValue":null,"defaultValueFormula":null,"defaultedOnCreate":true,"dependentPicklist":false,"deprecatedAndHidden":false,"digits":0,"displayLocationInDecimal":false,"encrypted":false,"externalId":false,"extraTypeInfo":null,"filterable":true,"filteredLookupInfo":null,"formulaTreatNullNumberAsZero":false,"groupable":true,"highScaleNumber":false,"htmlFormatted":false,"idLookup":false,"inlineHelpText":null,"label":
"Created By ID","length":18,"mask":null,"maskType":null,"name":"CreatedById","nameField":false,"namePointing":false,"nillable":false,"permissionable":false,"picklistValues":[],"polymorphicForeignKey":false,"precision":0,"queryByDistance":false,"referenceTargetField":null,"referenceTo":["User"],"relationshipName":"CreatedBy","relationshipOrder":null,"restrictedDelete":false,"restrictedPicklist":false,"scale":0,"searchPrefilterable":false,"soapType":"tns:ID","sortable":true,"type":"reference","unique":false,"updateable":false,"writeRequiresMasterRead":false},{"aggregatable":true,"aiPredictionField":false,"autoNumber":false,"byteLength":0,"calculated":false,"calculatedFormula":null,"cascadeDelete":false,"caseSensitive":false,"compoundFieldName":null,"controllerName":null,"createable":false,"custom":false,"defaultValue":null,"defaultValueFormula":null,"defaultedOnCreate":true,"dependentPicklist":false,"deprecatedAndHidden":false,"digits":0,"displayLocationInDecimal":false,"encrypted":false,"externalId":false,"extraTypeInfo":null,"filterable":true,"filteredLookupInfo":null,"formulaTreatNullNumberAsZero":false,"groupable":false,"highScaleNumber":false,"htmlFormatted":false,"idLookup":false,"inlineHelpText":null,"label":
"Last Modified Date","length":0,"mask":null,"maskType":null,"name":"LastModifiedDate","nameField":false,"namePointing":false,"nillable":false,"permissionable":false,"picklistValues":[],"polymorphicForeignKey":false,"precision":0,"queryByDistance":false,"referenceTargetField":null,"referenceTo":[],"relationshipName":null,"relationshipOrder":null,"restrictedDelete":false,"restrictedPicklist":false,"scale":0,"searchPrefilterable":false,"soapType":"xsd:dateTime","sortable":true,"type":"datetime","unique":false,"updateable":false,"writeRequiresMasterRead":false},{"aggregatable":true,"aiPredictionField":false,"autoNumber":false,"byteLength":18,"calculated":false,"calculatedFormula":null,"cascadeDelete":false,"caseSensitive":false,"compoundFieldName":null,"controllerName":null,"createable":false,"custom":false,"defaultValue":null,"defaultValueFormula":null,"defaultedOnCreate":true,"dependentPicklist":false,"deprecatedAndHidden":false,"digits":0,"displayLocationInDecimal":false,"encrypted":false,"externalId":false,"extraTypeInfo":null,"filterable":true,"filteredLookupInfo":null,"formulaTreatNullNumberAsZero":false,"groupable":true,"highScaleNumber":false,"htmlFormatted":false,"idLookup":false,"inlineHelpText":null,"label":
"Last Modified By ID","length":18,"mask":null,"maskType":null,"name":"LastModifiedById","nameField":false,"namePointing":false,"nillable":false,"permissionable":false,"picklistValues":[],"polymorphicForeignKey":false,"precision":0,"queryByDistance":false,"referenceTargetField":null,"referenceTo":["User"],"relationshipName":"LastModifiedBy","relationshipOrder":null,"restrictedDelete":false,"restrictedPicklist":false,"scale":0,"searchPrefilterable":false,"soapType":"tns:ID","sortable":true,"type":"reference","unique":false,"updateable":false,"writeRequiresMasterRead":false},{"aggregatable":true,"aiPredictionField":false,"autoNumber":false,"byteLength":0,"calculated":false,"calculatedFormula":null,"cascadeDelete":false,"caseSensitive":false,"compoundFieldName":null,"controllerName":null,"createable":false,"custom":false,"defaultValue":null,"defaultValueFormula":null,"defaultedOnCreate":true,"dependentPicklist":false,"deprecatedAndHidden":false,"digits":0,"displayLocationInDecimal":false,"encrypted":false,"externalId":false,"extraTypeInfo":null,"filterable":true,"filteredLookupInfo":null,"formulaTreatNullNumberAsZero":false,"groupable":false,"highScaleNumber":false,"htmlFormatted":false,"idLookup":false,"inlineHelpText":null,"label":
"System Modstamp","length":0,"mask":null,"maskType":null,"name":"SystemModstamp","nameField":false,"namePointing":false,"nillable":false,"permissionable":false,"picklistValues":[],"polymorphicForeignKey":false,"precision":0,"queryByDistance":false,"referenceTargetField":null,"referenceTo":[],"relationshipName":null,"relationshipOrder":null,"restrictedDelete":false,"restrictedPicklist":false,"scale":0,"searchPrefilterable":false,"soapType":"xsd:dateTime","sortable":true,"type":"datetime","unique":false,"updateable":false,"writeRequiresMasterRead":false},{"aggregatable":true,"aiPredictionField":false,"autoNumber":false,"byteLength":0,"calculated":false,"calculatedFormula":null,"cascadeDelete":false,"caseSensitive":false,"compoundFieldName":null,"controllerName":null,"createable":false,"custom":false,"defaultValue":null,"defaultValueFormula":null,"defaultedOnCreate":false,"dependentPicklist":false,"deprecatedAndHidden":false,"digits":0,"displayLocationInDecimal":false,"encrypted":false,"externalId":false,"extraTypeInfo":null,"filterable":true,"filteredLookupInfo":null,"formulaTreatNullNumberAsZero":false,"groupable":false,"highScaleNumber":false,"htmlFormatted":false,"idLookup":false,"inlineHelpText":null,"label":
"Last Viewed Date","length":0,"mask":null,"maskType":null,"name":"LastViewedDate","nameField":false,"namePointing":false,"nillable":true,"permissionable":false,"picklistValues":[],"polymorphicForeignKey":false,"precision":0,"queryByDistance":false,"referenceTargetField":null,"referenceTo":[],"relationshipName":null,"relationshipOrder":null,"restrictedDelete":false,"restrictedPicklist":false,"scale":0,"searchPrefilterable":false,"soapType":"xsd:dateTime","sortable":true,"type":"datetime","unique":false,"updateable":false,"writeRequiresMasterRead":false},{"aggregatable":true,"aiPredictionField":false,"autoNumber":false,"byteLength":0,"calculated":false,"calculatedFormula":null,"cascadeDelete":false,"caseSensitive":false,"compoundFieldName":null,"controllerName":null,"createable":false,"custom":false,"defaultValue":null,"defaultValueFormula":null,"defaultedOnCreate":false,"dependentPicklist":false,"deprecatedAndHidden":false,"digits":0,"displayLocationInDecimal":false,"encrypted":false,"externalId":false,"extraTypeInfo":null,"filterable":true,"filteredLookupInfo":null,"formulaTreatNullNumberAsZero":false,"groupable":false,"highScaleNumber":false,"htmlFormatted":false,"idLookup":false,"inlineHelpText":null,"label":
"Last Referenced Date","length":0,"mask":null,"maskType":null,"name":"LastReferencedDate","nameField":false,"namePointing":false,"nillable":true,"permissionable":false,"picklistValues":[],"polymorphicForeignKey":false,"precision":0,"queryByDistance":false,"referenceTargetField":null,"referenceTo":[],"relationshipName":null,"relationshipOrder":null,"restrictedDelete":false,"restrictedPicklist":false,"scale":0,"searchPrefilterable":false,"soapType":"xsd:dateTime","sortable":true,"type":"datetime","unique":false,"updateable":false,"writeRequiresMasterRead":false},{"aggregatable":true,"aiPredictionField":false,"autoNumber":false,"byteLength":18,"calculated":false,"calculatedFormula":null,"cascadeDelete":false,"caseSensitive":false,"compoundFieldName":null,"controllerName":null,"createable":true,"custom":true,"defaultValue":null,"defaultValueFormula":null,"defaultedOnCreate":false,"dependentPicklist":false,"deprecatedAndHidden":false,"digits":0,"displayLocationInDecimal":false,"encrypted":false,"externalId":false,"extraTypeInfo":null,"filterable":true,"filteredLookupInfo":null,"formulaTreatNullNumberAsZero":false,"groupable":true,"highScaleNumber":false,"htmlFormatted":false,"idLookup":false,"inlineHelpText":null,"label":
"Account Manager","length":18,"mask":null,"maskType":null,"name":"AccountManager__c","nameField":false,"namePointing":false,"nillable":true,"permissionable":true,"picklistValues":[],"polymorphicForeignKey":false,"precision":0,"queryByDistance":false,"referenceTargetField":null,"referenceTo":["User"],"relationshipName":"AccountManager__r","relationshipOrder":null,"restrictedDelete":false,"restrictedPicklist":false,"scale":0,"searchPrefilterable":true,"soapType":"tns:ID","sortable":true,"type":"reference","unique":false,"updateable":true,"writeRequiresMasterRead":false},{"aggregatable":true,"aiPredictionField":false,"autoNumber":false,"byteLength":18,"calculated":false,"calculatedFormula":null,"cascadeDelete":true,"caseSensitive":false,"compoundFieldName":null,"controllerName":null,"createable":true,"custom":true,"defaultValue":null,"defaultValueFormula":null,"defaultedOnCreate":false,"dependentPicklist":false,"deprecatedAndHidden":false,"digits":0,"displayLocationInDecimal":false,"encrypted":false,"externalId":false,"extraTypeInfo":null,"filterable":true,"filteredLookupInfo":null,"formulaTreatNullNumberAsZero":false,"groupable":true,"highScaleNumber":false,"htmlFormatted":false,"idLookup":false,"inlineHelpText":null,"label":
"Account Name","length":18,"mask":null,"maskType":null,"name":"AccountName__c","nameField":false,"namePointing":false,"nillable":false,"permissionable":false,"picklistValues":[],"polymorphicForeignKey":false,"precision":0,"queryByDistance":false,"referenceTargetField":null,"referenceTo":["Account"],"relationshipName":"AccountName__r","relationshipOrder":0,"restrictedDelete":false,"restrictedPicklist":false,"scale":0,"searchPrefilterable":true,"soapType":"tns:ID","sortable":true,"type":"reference","unique":false,"updateable":false,"writeRequiresMasterRead":false},{"aggregatable":true,"aiPredictionField":false,"autoNumber":false,"byteLength":18,"calculated":false,"calculatedFormula":null,"cascadeDelete":false,"caseSensitive":false,"compoundFieldName":null,"controllerName":null,"createable":true,"custom":true,"defaultValue":null,"defaultValueFormula":null,"defaultedOnCreate":false,"dependentPicklist":false,"deprecatedAndHidden":false,"digits":0,"displayLocationInDecimal":false,"encrypted":false,"externalId":false,"extraTypeInfo":null,"filterable":true,"filteredLookupInfo":null,"formulaTreatNullNumberAsZero":false,"groupable":true,"highScaleNumber":false,"htmlFormatted":false,"idLookup":false,"inlineHelpText":null,"label":
"Account Service Rep","length":18,"mask":null,"maskType":null,"name":"AccountServiceRep__c","nameField":false,"namePointing":false,"nillable":true,"permissionable":true,"picklistValues":[],"polymorphicForeignKey":false,"precision":0,"queryByDistance":false,"referenceTargetField":null,"referenceTo":["User"],"relationshipName":"AccountServiceRep__r","relationshipOrder":null,"restrictedDelete":false,"restrictedPicklist":false,"scale":0,"searchPrefilterable":true,"soapType":"tns:ID","sortable":true,"type":"reference","unique":false,"updateable":true,"writeRequiresMasterRead":false},{"aggregatable":true,"aiPredictionField":false,"autoNumber":false,"byteLength":0,"calculated":false,"calculatedFormula":null,"cascadeDelete":false,"caseSensitive":false,"compoundFieldName":null,"controllerName":null,"createable":true,"custom":true,"defaultValue":null,"defaultValueFormula":null,"defaultedOnCreate":false,"dependentPicklist":false,"deprecatedAndHidden":false,"digits":0,"displayLocationInDecimal":false,"encrypted":false,"externalId":false,"extraTypeInfo":null,"filterable":true,"filteredLookupInfo":null,"formulaTreatNullNumberAsZero":false,"groupable":true,"highScaleNumber":false,"htmlFormatted":false,"idLookup":false,"inlineHelpText":null,"label":
"Current Renewal Date","length":0,"mask":null,"maskType":null,"name":"CurrentRenewalDate__c","nameField":false,"namePointing":false,"nillable":true,"permissionable":true,"picklistValues":[],"polymorphicForeignKey":false,"precision":0,"queryByDistance":false,"referenceTargetField":null,"referenceTo":[],"relationshipName":null,"relationshipOrder":null,"restrictedDelete":false,"restrictedPicklist":false,"scale":0,"searchPrefilterable":false,"soapType":"xsd:date","sortable":true,"type":"date","unique":false,"updateable":true,"writeRequiresMasterRead":false},{"aggregatable":true,"aiPredictionField":false,"autoNumber":false,"byteLength":0,"calculated":false,"calculatedFormula":null,"cascadeDelete":false,"caseSensitive":false,"compoundFieldName":null,"controllerName":null,"createable":true,"custom":true,"defaultValue":null,"defaultValueFormula":null,"defaultedOnCreate":false,"dependentPicklist":false,"deprecatedAndHidden":false,"digits":0,"displayLocationInDecimal":false,"encrypted":false,"externalId":false,"extraTypeInfo":null,"filterable":true,"filteredLookupInfo":null,"formulaTreatNullNumberAsZero":false,"groupable":true,"highScaleNumber":false,"htmlFormatted":false,"idLookup":false,"inlineHelpText":"Policy Effective / Inception Date","label":
"Effective Date","length":0,"mask":null,"maskType":null,"name":"EffectiveDate__c","nameField":false,"namePointing":false,"nillable":true,"permissionable":true,"picklistValues":[],"polymorphicForeignKey":false,"precision":0,"queryByDistance":false,"referenceTargetField":null,"referenceTo":[],"relationshipName":null,"relationshipOrder":null,"restrictedDelete":false,"restrictedPicklist":false,"scale":0,"searchPrefilterable":false,"soapType":"xsd:date","sortable":true,"type":"date","unique":false,"updateable":true,"writeRequiresMasterRead":false},{"aggregatable":false,"aiPredictionField":false,"autoNumber":false,"byteLength":0,"calculated":false,"calculatedFormula":null,"cascadeDelete":false,"caseSensitive":false,"compoundFieldName":null,"controllerName":null,"createable":true,"custom":true,"defaultValue":false,"defaultValueFormula":null,"defaultedOnCreate":true,"dependentPicklist":false,"deprecatedAndHidden":false,"digits":0,"displayLocationInDecimal":false,"encrypted":false,"externalId":false,"extraTypeInfo":null,"filterable":true,"filteredLookupInfo":null,"formulaTreatNullNumberAsZero":false,"groupable":true,"highScaleNumber":false,"htmlFormatted":false,"idLookup":false,"inlineHelpText":null,"label":
"Participating Account","length":0,"mask":null,"maskType":null,"name":"ParticipatingAccount__c","nameField":false,"namePointing":false,"nillable":false,"permissionable":true,"picklistValues":[],"polymorphicForeignKey":false,"precision":0,"queryByDistance":false,"referenceTargetField":null,"referenceTo":[],"relationshipName":null,"relationshipOrder":null,"restrictedDelete":false,"restrictedPicklist":false,"scale":0,"searchPrefilterable":false,"soapType":"xsd:boolean","sortable":true,"type":"boolean","unique":false,"updateable":true,"writeRequiresMasterRead":false},{"aggregatable":true,"aiPredictionField":false,"autoNumber":false,"byteLength":600,"calculated":false,"calculatedFormula":null,"cascadeDelete":false,"caseSensitive":false,"compoundFieldName":null,"controllerName":null,"createable":true,"custom":true,"defaultValue":null,"defaultValueFormula":null,"defaultedOnCreate":false,"dependentPicklist":false,"deprecatedAndHidden":false,"digits":0,"displayLocationInDecimal":false,"encrypted":false,"externalId":false,"extraTypeInfo":null,"filterable":true,"filteredLookupInfo":null,"formulaTreatNullNumberAsZero":false,"groupable":true,"highScaleNumber":false,"htmlFormatted":false,"idLookup":false,"inlineHelpText":null,"label":
"Policy Name","length":200,"mask":null,"maskType":null,"name":"PolicyName__c","nameField":false,"namePointing":false,"nillable":false,"permissionable":false,"picklistValues":[],"polymorphicForeignKey":false,"precision":0,"queryByDistance":false,"referenceTargetField":null,"referenceTo":[],"relationshipName":null,"relationshipOrder":null,"restrictedDelete":false,"restrictedPicklist":false,"scale":0,"searchPrefilterable":false,"soapType":"xsd:string","sortable":true,"type":"string","unique":false,"updateable":true,"writeRequiresMasterRead":false},{"aggregatable":true,"aiPredictionField":false,"autoNumber":false,"byteLength":39,"calculated":false,"calculatedFormula":null,"cascadeDelete":false,"caseSensitive":false,"compoundFieldName":null,"controllerName":null,"createable":true,"custom":true,"defaultValue":null,"defaultValueFormula":null,"defaultedOnCreate":false,"dependentPicklist":false,"deprecatedAndHidden":false,"digits":0,"displayLocationInDecimal":false,"encrypted":false,"externalId":false,"extraTypeInfo":null,"filterable":true,"filteredLookupInfo":null,"formulaTreatNullNumberAsZero":false,"groupable":true,"highScaleNumber":false,"htmlFormatted":false,"idLookup":false,"inlineHelpText":null,"label":
"Policy","length":13,"mask":null,"maskType":null,"name":"Policy__c","nameField":false,"namePointing":false,"nillable":true,"permissionable":true,"picklistValues":[],"polymorphicForeignKey":false,"precision":0,"queryByDistance":false,"referenceTargetField":null,"referenceTo":[],"relationshipName":null,"relationshipOrder":null,"restrictedDelete":false,"restrictedPicklist":false,"scale":0,"searchPrefilterable":false,"soapType":"xsd:string","sortable":true,"type":"string","unique":false,"updateable":true,"writeRequiresMasterRead":false},{"aggregatable":true,"aiPredictionField":false,"autoNumber":false,"byteLength":18,"calculated":false,"calculatedFormula":null,"cascadeDelete":false,"caseSensitive":false,"compoundFieldName":null,"controllerName":null,"createable":true,"custom":true,"defaultValue":null,"defaultValueFormula":null,"defaultedOnCreate":false,"dependentPicklist":false,"deprecatedAndHidden":false,"digits":0,"displayLocationInDecimal":false,"encrypted":false,"externalId":false,"extraTypeInfo":null,"filterable":true,"filteredLookupInfo":null,"formulaTreatNullNumberAsZero":false,"groupable":true,"highScaleNumber":false,"htmlFormatted":false,"idLookup":false,"inlineHelpText":null,"label":
"Product Name","length":18,"mask":null,"maskType":null,"name":"ProductName__c","nameField":false,"namePointing":false,"nillable":true,"permissionable":true,"picklistValues":[],"polymorphicForeignKey":false,"precision":0,"queryByDistance":false,"referenceTargetField":null,"referenceTo":["Product2"],"relationshipName":"ProductName__r","relationshipOrder":null,"restrictedDelete":false,"restrictedPicklist":false,"scale":0,"searchPrefilterable":true,"soapType":"tns:ID","sortable":true,"type":"reference","unique":false,"updateable":true,"writeRequiresMasterRead":false},{"aggregatable":true,"aiPredictionField":false,"autoNumber":false,"byteLength":765,"calculated":false,"calculatedFormula":null,"cascadeDelete":false,"caseSensitive":false,"compoundFieldName":null,"controllerName":null,"createable":true,"custom":true,"defaultValue":null,"defaultValueFormula":null,"defaultedOnCreate":false,"dependentPicklist":false,"deprecatedAndHidden":false,"digits":0,"displayLocationInDecimal":false,"encrypted":false,"externalId":false,"extraTypeInfo":null,"filterable":true,"filteredLookupInfo":null,"formulaTreatNullNumberAsZero":false,"groupable":true,"highScaleNumber":false,"htmlFormatted":false,"idLookup":false,"inlineHelpText":"Policy Status in IMAGE","label":
"Status","length":255,"mask":null,"maskType":null,"name":"Status__c","nameField":false,"namePointing":false,"nillable":true,"permissionable":true,"picklistValues":[{"active":true,"defaultValue":false,"label":
"Active","validFor":null,"value":"Active"},{"active":true,"defaultValue":false,"label":
"Canceled","validFor":null,"value":"Canceled"}],"polymorphicForeignKey":false,"precision":0,"queryByDistance":false,"referenceTargetField":null,"referenceTo":[],"relationshipName":null,"relationshipOrder":null,"restrictedDelete":false,"restrictedPicklist":false,"scale":0,"searchPrefilterable":false,"soapType":"xsd:string","sortable":true,"type":"picklist","unique":false,"updateable":true,"writeRequiresMasterRead":false}],"hasSubtypes":false,"implementedBy":null,"implementsInterfaces":null,"isInterface":false,"isSubtype":false,"keyPrefix":"a00","label":
"Policy","labelPl
ural":"Policies","layoutable":true,"listviewable":null,"lookupLayoutable":null,"mergeable":false,"mruEnabled":true,"name":"Policy__c","namedLayoutInfos":[],"networkScopeFieldName":null,"queryable":true,"recordTypeInfos":[{"active":true,"available":true,"defaultRecordTypeMapping":true,"developerName":"Master","master":true,"name":"Master","recordTypeId":"012000000000000AAA","urls":{"layout":"/services/data/v48.0/sobjects/Policy__c/describe/layouts/012000000000000AAA"}}],"replicateable":true,"retrieveable":true,"searchLayoutable":true,"searchable":true,"sobjectDescribeOption":"FULL","supportedScopes":[{"label":
"All policies","name":"everything"},{"label":
"My policies","name":"mine"},{"label":
"Queue owned policies","name":"queue_owned"},{"label":
"My team's policies","name":"team"},{"label":
"User owned policies","name":"user_owned"}],"triggerable":true,"undeletable":true,"updateable":true,"urls":{"compactLayouts":"/services/data/v48.0/sobjects/Policy__c/describe/compactLayouts","rowTemplate":"/services/data/v48.0/sobjects/Policy__c/{ID}","approvalLayouts":"/services/data/v48.0/sobjects/Policy__c/describe/approvalLayouts","uiDetailTemplate":"https://cignacgi--cgidev.my.salesforce.com/{ID}","uiEditTemplate":"https://cignacgi--cgidev.my.salesforce.com/{ID}/e","defaultValues":"/services/data/v48.0/sobjects/Policy__c/defaultValues?recordTypeId&fields","describe":"/services/data/v48.0/sobjects/Policy__c/describe","uiNewRecord":"https://cignacgi--cgidev.my.salesforce.com/a00/e","quickActions":"/services/data/v48.0/sobjects/Policy__c/quickActions","layouts":"/services/data/v48.0/sobjects/Policy__c/describe/layouts","sobject":"/services/data/v48.0/sobjects/Policy__c"}}