{"activateable":false,"childRelationships":[{"cascadeDelete":true,"childSObject":"ActivityHistory","deprecatedAndHidden":false,"field":"WhatId","relationshipName":"ActivityHistories","restrictedDelete":false},{"cascadeDelete":true,"childSObject":"AttachedContentDocument","deprecatedAndHidden":false,"field":"LinkedEntityId","relationshipName":"AttachedContentDocuments","restrictedDelete":false},{"cascadeDelete":true,"childSObject":"Attachment","deprecatedAndHidden":false,"field":"ParentId","relationshipName":"Attachments","restrictedDelete":false},{"cascadeDelete":true,"childSObject":"CollaborationGroupRecord","deprecatedAndHidden":false,"field":"RecordId","relationshipName":"RecordAssociatedGroups","restrictedDelete":false},{"cascadeDelete":true,"childSObject":"CombinedAttachment","deprecatedAndHidden":false,"field":"ParentId","relationshipName":"CombinedAttachments","restrictedDelete":false},{"cascadeDelete":false,"childSObject":"Contact","deprecatedAndHidden":false,"field":"ProducerName__c","relationshipName":"Contacts__r","restrictedDelete":false},{"cascadeDelete":true,"childSObject":"ContentDocumentLink","deprecatedAndHidden":false,"field":"LinkedEntityId","relationshipName":"ContentDocumentLinks","restrictedDelete":false},{"cascadeDelete":false,"childSObject":"ContentVersion","deprecatedAndHidden":false,"field":"FirstPublishLocationId","relationshipName":null,"restrictedDelete":false},{"cascadeDelete":true,"childSObject":"EntitySubscription","deprecatedAndHidden":false,"field":"ParentId","relationshipName":"FeedSubscriptionsForEntity","restrictedDelete":false},{"cascadeDelete":true,"childSObject":"Event","deprecatedAndHidden":false,"field":"WhatId","relationshipName":"Events","restrictedDelete":false},{"cascadeDelete":true,"childSObject":"EventRelation","deprecatedAndHidden":false,"field":"RelationId","relationshipName":"EventRelations","restrictedDelete":false},{"cascadeDelete":false,"childSObject":"FeedComment","deprecatedAndHidden":false,"field":"ParentId","relationshipName":null,"restrictedDelete":false},{"cascadeDelete":true,"childSObject":"FeedItem","deprecatedAndHidden":false,"field":"ParentId","relationshipName":null,"restrictedDelete":false},{"cascadeDelete":false,"childSObject":"Lead","deprecatedAndHidden":false,"field":"ProducerName__c","relationshipName":"Leads_Producer__r","restrictedDelete":false},{"cascadeDelete":true,"childSObject":"Note","deprecatedAndHidden":false,"field":"ParentId","relationshipName":"Notes","restrictedDelete":false},{"cascadeDelete":true,"childSObject":"NoteAndAttachment","deprecatedAndHidden":false,"field":"ParentId","relationshipName":"NotesAndAttachments","restrictedDelete":false},{"cascadeDelete":true,"childSObject":"OpenActivity","deprecatedAndHidden":false,"field":"WhatId","relationshipName":"OpenActivities","restrictedDelete":false},{"cascadeDelete":false,"childSObject":"Opportunity","deprecatedAndHidden":false,"field":"ProducerName__c","relationshipName":"Opportunities__r","restrictedDelete":false},{"cascadeDelete":true,"childSObject":"ProcessInstance","deprecatedAndHidden":false,"field":"TargetObjectId","relationshipName":"ProcessInstances","restrictedDelete":false},{"cascadeDelete":false,"childSObject":"ProcessInstanceHistory","deprecatedAndHidden":false,"field":"TargetObjectId","relationshipName":"ProcessSteps","restrictedDelete":false},{"cascadeDelete":true,"childSObject":"ProducerAgency__Feed","deprecatedAndHidden":false,"field":"ParentId","relationshipName":"Feeds","restrictedDelete":false},{"cascadeDelete":true,"childSObject":"ProducerAgency__History","deprecatedAndHidden":false,"field":"ParentId","relationshipName":"Histories","restrictedDelete":false},{"cascadeDelete":true,"childSObject":"ProducerAgentRelationship__c","deprecatedAndHidden":false,"field":"ProducerAgency__c","relationshipName":"Producer_Agents__r","restrictedDelete":false},{"cascadeDelete":false,"childSObject":"SalesComp__c","deprecatedAndHidden":false,"field":"ProducerName__c","relationshipName":"ProducerSalesComp__r","restrictedDelete":false},{"cascadeDelete":true,"childSObject":"Task","deprecatedAndHidden":false,"field":"WhatId","relationshipName":"Tasks","restrictedDelete":false},{"cascadeDelete":true,"childSObject":"TaskRelation","deprecatedAndHidden":false,"field":"RelationId","relationshipName":"TaskRelations","restrictedDelete":false},{"cascadeDelete":true,"childSObject":"TopicAssignment","deprecatedAndHidden":false,"field":"EntityId","relationshipName":"TopicAssignments","restrictedDelete":false}],"compactLayoutable":true,"createable":true,"custom":true,"customSetting":false,"deletable":true,"deprecatedAndHidden":false,"feedEnabled":true,"fields":[{"autoNumber":false,"byteLength":18,"calculated":false,"calculatedFormula":null,"cascadeDelete":false,"caseSensitive":false,"controllerName":null,"createable":false,"custom":false,"defaultValue":null,"defaultValueFormula":null,"defaultedOnCreate":true,"dependentPicklist":false,"deprecatedAndHidden":false,"digits":0,"displayLocationInDecimal":false,"externalId":false,"filterable":true,"groupable":true,"htmlFormatted":false,"idLookup":true,"inlineHelpText":null,"label":
"Record ID","length":18,"name":"Id","nameField":false,"namePointing":false,"nillable":false,"permissionable":false,"picklistValues":[],"precision":0,"referenceTo":[],"relationshipName":null,"relationshipOrder":null,"restrictedDelete":false,"restrictedPicklist":false,"scale":0,"soapType":"tns:ID","sortable":true,"type":"id","unique":false,"updateable":false,"writeRequiresMasterRead":false},{"autoNumber":false,"byteLength":18,"calculated":false,"calculatedFormula":null,"cascadeDelete":false,"caseSensitive":false,"controllerName":null,"createable":true,"custom":false,"defaultValue":null,"defaultValueFormula":null,"defaultedOnCreate":true,"dependentPicklist":false,"deprecatedAndHidden":false,"digits":0,"displayLocationInDecimal":false,"externalId":false,"filterable":true,"groupable":true,"htmlFormatted":false,"idLookup":false,"inlineHelpText":null,"label":
"Owner ID","length":18,"name":"OwnerId","nameField":false,"namePointing":true,"nillable":false,"permissionable":false,"picklistValues":[],"precision":0,"referenceTo":["Group","User"],"relationshipName":"Owner","relationshipOrder":null,"restrictedDelete":false,"restrictedPicklist":false,"scale":0,"soapType":"tns:ID","sortable":true,"type":"reference","unique":false,"updateable":true,"writeRequiresMasterRead":false},{"autoNumber":false,"byteLength":0,"calculated":false,"calculatedFormula":null,"cascadeDelete":false,"caseSensitive":false,"controllerName":null,"createable":false,"custom":false,"defaultValue":null,"defaultValueFormula":null,"defaultedOnCreate":true,"dependentPicklist":false,"deprecatedAndHidden":false,"digits":0,"displayLocationInDecimal":false,"externalId":false,"filterable":true,"groupable":true,"htmlFormatted":false,"idLookup":false,"inlineHelpText":null,"label":
"Deleted","length":0,"name":"IsDeleted","nameField":false,"namePointing":false,"nillable":false,"permissionable":false,"picklistValues":[],"precision":0,"referenceTo":[],"relationshipName":null,"relationshipOrder":null,"restrictedDelete":false,"restrictedPicklist":false,"scale":0,"soapType":"xsd:boolean","sortable":true,"type":"boolean","unique":false,"updateable":false,"writeRequiresMasterRead":false},{"autoNumber":false,"byteLength":240,"calculated":false,"calculatedFormula":null,"cascadeDelete":false,"caseSensitive":false,"controllerName":null,"createable":true,"custom":false,"defaultValue":null,"defaultValueFormula":null,"defaultedOnCreate":true,"dependentPicklist":false,"deprecatedAndHidden":false,"digits":0,"displayLocationInDecimal":false,"externalId":false,"filterable":true,"groupable":true,"htmlFormatted":false,"idLookup":true,"inlineHelpText":null,"label":
"Producer Agency Name","length":80,"name":"Name","nameField":true,"namePointing":false,"nillable":true,"permissionable":false,"picklistValues":[],"precision":0,"referenceTo":[],"relationshipName":null,"relationshipOrder":null,"restrictedDelete":false,"restrictedPicklist":false,"scale":0,"soapType":"xsd:string","sortable":true,"type":"string","unique":false,"updateable":true,"writeRequiresMasterRead":false},{"autoNumber":false,"byteLength":0,"calculated":false,"calculatedFormula":null,"cascadeDelete":false,"caseSensitive":false,"controllerName":null,"createable":false,"custom":false,"defaultValue":null,"defaultValueFormula":null,"defaultedOnCreate":true,"dependentPicklist":false,"deprecatedAndHidden":false,"digits":0,"displayLocationInDecimal":false,"externalId":false,"filterable":true,"groupable":false,"htmlFormatted":false,"idLookup":false,"inlineHelpText":null,"label":
"Created Date","length":0,"name":"CreatedDate","nameField":false,"namePointing":false,"nillable":false,"permissionable":false,"picklistValues":[],"precision":0,"referenceTo":[],"relationshipName":null,"relationshipOrder":null,"restrictedDelete":false,"restrictedPicklist":false,"scale":0,"soapType":"xsd:dateTime","sortable":true,"type":"datetime","unique":false,"updateable":false,"writeRequiresMasterRead":false},{"autoNumber":false,"byteLength":18,"calculated":false,"calculatedFormula":null,"cascadeDelete":false,"caseSensitive":false,"controllerName":null,"createable":false,"custom":false,"defaultValue":null,"defaultValueFormula":null,"defaultedOnCreate":true,"dependentPicklist":false,"deprecatedAndHidden":false,"digits":0,"displayLocationInDecimal":false,"externalId":false,"filterable":true,"groupable":true,"htmlFormatted":false,"idLookup":false,"inlineHelpText":null,"label":
"Created By ID","length":18,"name":"CreatedById","nameField":false,"namePointing":false,"nillable":false,"permissionable":false,"picklistValues":[],"precision":0,"referenceTo":["User"],"relationshipName":"CreatedBy","relationshipOrder":null,"restrictedDelete":false,"restrictedPicklist":false,"scale":0,"soapType":"tns:ID","sortable":true,"type":"reference","unique":false,"updateable":false,"writeRequiresMasterRead":false},{"autoNumber":false,"byteLength":0,"calculated":false,"calculatedFormula":null,"cascadeDelete":false,"caseSensitive":false,"controllerName":null,"createable":false,"custom":false,"defaultValue":null,"defaultValueFormula":null,"defaultedOnCreate":true,"dependentPicklist":false,"deprecatedAndHidden":false,"digits":0,"displayLocationInDecimal":false,"externalId":false,"filterable":true,"groupable":false,"htmlFormatted":false,"idLookup":false,"inlineHelpText":null,"label":
"Last Modified Date","length":0,"name":"LastModifiedDate","nameField":false,"namePointing":false,"nillable":false,"permissionable":false,"picklistValues":[],"precision":0,"referenceTo":[],"relationshipName":null,"relationshipOrder":null,"restrictedDelete":false,"restrictedPicklist":false,"scale":0,"soapType":"xsd:dateTime","sortable":true,"type":"datetime","unique":false,"updateable":false,"writeRequiresMasterRead":false},{"autoNumber":false,"byteLength":18,"calculated":false,"calculatedFormula":null,"cascadeDelete":false,"caseSensitive":false,"controllerName":null,"createable":false,"custom":false,"defaultValue":null,"defaultValueFormula":null,"defaultedOnCreate":true,"dependentPicklist":false,"deprecatedAndHidden":false,"digits":0,"displayLocationInDecimal":false,"externalId":false,"filterable":true,"groupable":true,"htmlFormatted":false,"idLookup":false,"inlineHelpText":null,"label":
"Last Modified By ID","length":18,"name":"LastModifiedById","nameField":false,"namePointing":false,"nillable":false,"permissionable":false,"picklistValues":[],"precision":0,"referenceTo":["User"],"relationshipName":"LastModifiedBy","relationshipOrder":null,"restrictedDelete":false,"restrictedPicklist":false,"scale":0,"soapType":"tns:ID","sortable":true,"type":"reference","unique":false,"updateable":false,"writeRequiresMasterRead":false},{"autoNumber":false,"byteLength":0,"calculated":false,"calculatedFormula":null,"cascadeDelete":false,"caseSensitive":false,"controllerName":null,"createable":false,"custom":false,"defaultValue":null,"defaultValueFormula":null,"defaultedOnCreate":true,"dependentPicklist":false,"deprecatedAndHidden":false,"digits":0,"displayLocationInDecimal":false,"externalId":false,"filterable":true,"groupable":false,"htmlFormatted":false,"idLookup":false,"inlineHelpText":null,"label":
"System Modstamp","length":0,"name":"SystemModstamp","nameField":false,"namePointing":false,"nillable":false,"permissionable":false,"picklistValues":[],"precision":0,"referenceTo":[],"relationshipName":null,"relationshipOrder":null,"restrictedDelete":false,"restrictedPicklist":false,"scale":0,"soapType":"xsd:dateTime","sortable":true,"type":"datetime","unique":false,"updateable":false,"writeRequiresMasterRead":false},{"autoNumber":false,"byteLength":0,"calculated":false,"calculatedFormula":null,"cascadeDelete":false,"caseSensitive":false,"controllerName":null,"createable":false,"custom":false,"defaultValue":null,"defaultValueFormula":null,"defaultedOnCreate":false,"dependentPicklist":false,"deprecatedAndHidden":false,"digits":0,"displayLocationInDecimal":false,"externalId":false,"filterable":true,"groupable":true,"htmlFormatted":false,"idLookup":false,"inlineHelpText":null,"label":
"Last Activity Date","length":0,"name":"LastActivityDate","nameField":false,"namePointing":false,"nillable":true,"permissionable":false,"picklistValues":[],"precision":0,"referenceTo":[],"relationshipName":null,"relationshipOrder":null,"restrictedDelete":false,"restrictedPicklist":false,"scale":0,"soapType":"xsd:date","sortable":true,"type":"date","unique":false,"updateable":false,"writeRequiresMasterRead":false},{"autoNumber":false,"byteLength":0,"calculated":false,"calculatedFormula":null,"cascadeDelete":false,"caseSensitive":false,"controllerName":null,"createable":false,"custom":false,"defaultValue":null,"defaultValueFormula":null,"defaultedOnCreate":false,"dependentPicklist":false,"deprecatedAndHidden":false,"digits":0,"displayLocationInDecimal":false,"externalId":false,"filterable":true,"groupable":false,"htmlFormatted":false,"idLookup":false,"inlineHelpText":null,"label":
"Last Viewed Date","length":0,"name":"LastViewedDate","nameField":false,"namePointing":false,"nillable":true,"permissionable":false,"picklistValues":[],"precision":0,"referenceTo":[],"relationshipName":null,"relationshipOrder":null,"restrictedDelete":false,"restrictedPicklist":false,"scale":0,"soapType":"xsd:dateTime","sortable":true,"type":"datetime","unique":false,"updateable":false,"writeRequiresMasterRead":false},{"autoNumber":false,"byteLength":0,"calculated":false,"calculatedFormula":null,"cascadeDelete":false,"caseSensitive":false,"controllerName":null,"createable":false,"custom":false,"defaultValue":null,"defaultValueFormula":null,"defaultedOnCreate":false,"dependentPicklist":false,"deprecatedAndHidden":false,"digits":0,"displayLocationInDecimal":false,"externalId":false,"filterable":true,"groupable":false,"htmlFormatted":false,"idLookup":false,"inlineHelpText":null,"label":
"Last Referenced Date","length":0,"name":"LastReferencedDate","nameField":false,"namePointing":false,"nillable":true,"permissionable":false,"picklistValues":[],"precision":0,"referenceTo":[],"relationshipName":null,"relationshipOrder":null,"restrictedDelete":false,"restrictedPicklist":false,"scale":0,"soapType":"xsd:dateTime","sortable":true,"type":"datetime","unique":false,"updateable":false,"writeRequiresMasterRead":false},{"autoNumber":false,"byteLength":150,"calculated":false,"calculatedFormula":null,"cascadeDelete":false,"caseSensitive":false,"controllerName":null,"createable":true,"custom":true,"defaultValue":null,"defaultValueFormula":null,"defaultedOnCreate":false,"dependentPicklist":false,"deprecatedAndHidden":false,"digits":0,"displayLocationInDecimal":false,"externalId":false,"filterable":true,"groupable":true,"htmlFormatted":false,"idLookup":false,"inlineHelpText":null,"label":
"Address Line1","length":50,"name":"AddressLine1__c","nameField":false,"namePointing":false,"nillable":false,"permissionable":false,"picklistValues":[],"precision":0,"referenceTo":[],"relationshipName":null,"relationshipOrder":null,"restrictedDelete":false,"restrictedPicklist":false,"scale":0,"soapType":"xsd:string","sortable":true,"type":"string","unique":false,"updateable":true,"writeRequiresMasterRead":false},{"autoNumber":false,"byteLength":150,"calculated":false,"calculatedFormula":null,"cascadeDelete":false,"caseSensitive":false,"controllerName":null,"createable":true,"custom":true,"defaultValue":null,"defaultValueFormula":null,"defaultedOnCreate":false,"dependentPicklist":false,"deprecatedAndHidden":false,"digits":0,"displayLocationInDecimal":false,"externalId":false,"filterable":true,"groupable":true,"htmlFormatted":false,"idLookup":false,"inlineHelpText":null,"label":
"Address Line2","length":50,"name":"AddressLine2__c","nameField":false,"namePointing":false,"nillable":true,"permissionable":true,"picklistValues":[],"precision":0,"referenceTo":[],"relationshipName":null,"relationshipOrder":null,"restrictedDelete":false,"restrictedPicklist":false,"scale":0,"soapType":"xsd:string","sortable":true,"type":"string","unique":false,"updateable":true,"writeRequiresMasterRead":false},{"autoNumber":false,"byteLength":1500,"calculated":false,"calculatedFormula":null,"cascadeDelete":false,"caseSensitive":false,"controllerName":null,"createable":true,"custom":true,"defaultValue":null,"defaultValueFormula":null,"defaultedOnCreate":false,"dependentPicklist":false,"deprecatedAndHidden":false,"digits":0,"displayLocationInDecimal":false,"externalId":false,"filterable":false,"groupable":false,"htmlFormatted":false,"idLookup":false,"inlineHelpText":null,"label":
"Broker Strategy","length":500,"name":"BrokerStrategy__c","nameField":false,"namePointing":false,"nillable":true,"permissionable":true,"picklistValues":[],"precision":0,"referenceTo":[],"relationshipName":null,"relationshipOrder":null,"restrictedDelete":false,"restrictedPicklist":false,"scale":0,"soapType":"xsd:string","sortable":false,"type":"textarea","unique":false,"updateable":true,"writeRequiresMasterRead":false},{"autoNumber":false,"byteLength":105,"calculated":false,"calculatedFormula":null,"cascadeDelete":false,"caseSensitive":false,"controllerName":null,"createable":true,"custom":true,"defaultValue":null,"defaultValueFormula":null,"defaultedOnCreate":false,"dependentPicklist":false,"deprecatedAndHidden":false,"digits":0,"displayLocationInDecimal":false,"externalId":false,"filterable":true,"groupable":true,"htmlFormatted":false,"idLookup":false,"inlineHelpText":null,"label":
"City","length":35,"name":"City__c","nameField":false,"namePointing":false,"nillable":false,"permissionable":false,"picklistValues":[],"precision":0,"referenceTo":[],"relationshipName":null,"relationshipOrder":null,"restrictedDelete":false,"restrictedPicklist":false,"scale":0,"soapType":"xsd:string","sortable":true,"type":"string","unique":false,"updateable":true,"writeRequiresMasterRead":false},{"autoNumber":false,"byteLength":1500,"calculated":false,"calculatedFormula":null,"cascadeDelete":false,"caseSensitive":false,"controllerName":null,"createable":true,"custom":true,"defaultValue":null,"defaultValueFormula":null,"defaultedOnCreate":false,"dependentPicklist":false,"deprecatedAndHidden":false,"digits":0,"displayLocationInDecimal":false,"externalId":false,"filterable":false,"groupable":false,"htmlFormatted":false,"idLookup":false,"inlineHelpText":null,"label":
"Competitive Positioning","length":500,"name":"CompetitvePositioning__c","nameField":false,"namePointing":false,"nillable":true,"permissionable":true,"picklistValues":[],"precision":0,"referenceTo":[],"relationshipName":null,"relationshipOrder":null,"restrictedDelete":false,"restrictedPicklist":false,"scale":0,"soapType":"xsd:string","sortable":false,"type":"textarea","unique":false,"updateable":true,"writeRequiresMasterRead":false},{"autoNumber":false,"byteLength":150,"calculated":false,"calculatedFormula":null,"cascadeDelete":false,"caseSensitive":false,"controllerName":null,"createable":true,"custom":true,"defaultValue":null,"defaultValueFormula":null,"defaultedOnCreate":false,"dependentPicklist":false,"deprecatedAndHidden":false,"digits":0,"displayLocationInDecimal":false,"externalId":false,"filterable":true,"groupable":true,"htmlFormatted":false,"idLookup":false,"inlineHelpText":null,"label":
"Country","length":50,"name":"Country__c","nameField":false,"namePointing":false,"nillable":true,"permissionable":true,"picklistValues":[],"precision":0,"referenceTo":[],"relationshipName":null,"relationshipOrder":null,"restrictedDelete":false,"restrictedPicklist":false,"scale":0,"soapType":"xsd:string","sortable":true,"type":"string","unique":false,"updateable":true,"writeRequiresMasterRead":false},{"autoNumber":false,"byteLength":240,"calculated":false,"calculatedFormula":null,"cascadeDelete":false,"caseSensitive":false,"controllerName":null,"createable":true,"custom":true,"defaultValue":null,"defaultValueFormula":null,"defaultedOnCreate":false,"dependentPicklist":false,"deprecatedAndHidden":false,"digits":0,"displayLocationInDecimal":false,"externalId":false,"filterable":true,"groupable":true,"htmlFormatted":false,"idLookup":false,"inlineHelpText":null,"label":
"Email","length":80,"name":"Email__c","nameField":false,"namePointing":false,"nillable":true,"permissionable":true,"picklistValues":[],"precision":0,"referenceTo":[],"relationshipName":null,"relationshipOrder":null,"restrictedDelete":false,"restrictedPicklist":false,"scale":0,"soapType":"xsd:string","sortable":true,"type":"email","unique":false,"updateable":true,"writeRequiresMasterRead":false},{"autoNumber":false,"byteLength":18,"calculated":false,"calculatedFormula":null,"cascadeDelete":false,"caseSensitive":false,"controllerName":null,"createable":true,"custom":true,"defaultValue":null,"defaultValueFormula":null,"defaultedOnCreate":false,"dependentPicklist":false,"deprecatedAndHidden":false,"digits":0,"displayLocationInDecimal":false,"externalId":false,"filterable":true,"groupable":true,"htmlFormatted":false,"idLookup":false,"inlineHelpText":null,"label":
"Executive Contact","length":18,"name":"ExecutiveContact__c","nameField":false,"namePointing":false,"nillable":true,"permissionable":true,"picklistValues":[],"precision":0,"referenceTo":["Contact"],"relationshipName":"ExecutiveContact__r","relationshipOrder":null,"restrictedDelete":false,"restrictedPicklist":false,"scale":0,"soapType":"tns:ID","sortable":true,"type":"reference","unique":false,"updateable":true,"writeRequiresMasterRead":false},{"autoNumber":false,"byteLength":120,"calculated":false,"calculatedFormula":null,"cascadeDelete":false,"caseSensitive":false,"controllerName":null,"createable":true,"custom":true,"defaultValue":null,"defaultValueFormula":null,"defaultedOnCreate":false,"dependentPicklist":false,"deprecatedAndHidden":false,"digits":0,"displayLocationInDecimal":false,"externalId":false,"filterable":true,"groupable":true,"htmlFormatted":false,"idLookup":false,"inlineHelpText":null,"label":
"Fax","length":40,"name":"Fax__c","nameField":false,"namePointing":false,"nillable":true,"permissionable":true,"picklistValues":[],"precision":0,"referenceTo":[],"relationshipName":null,"relationshipOrder":null,"restrictedDelete":false,"restrictedPicklist":false,"scale":0,"soapType":"xsd:string","sortable":true,"type":"phone","unique":false,"updateable":true,"writeRequiresMasterRead":false},{"autoNumber":false,"byteLength":45,"calculated":false,"calculatedFormula":null,"cascadeDelete":false,"caseSensitive":false,"controllerName":null,"createable":true,"custom":true,"defaultValue":null,"defaultValueFormula":null,"defaultedOnCreate":false,"dependentPicklist":false,"deprecatedAndHidden":false,"digits":0,"displayLocationInDecimal":false,"externalId":false,"filterable":true,"groupable":true,"htmlFormatted":false,"idLookup":false,"inlineHelpText":null,"label":
"License Name","length":15,"name":"LicenseName__c","nameField":false,"namePointing":false,"nillable":true,"permissionable":true,"picklistValues":[],"precision":0,"referenceTo":[],"relationshipName":null,"relationshipOrder":null,"restrictedDelete":false,"restrictedPicklist":false,"scale":0,"soapType":"xsd:string","sortable":true,"type":"string","unique":false,"updateable":true,"writeRequiresMasterRead":false},{"autoNumber":false,"byteLength":45,"calculated":false,"calculatedFormula":null,"cascadeDelete":false,"caseSensitive":false,"controllerName":null,"createable":true,"custom":true,"defaultValue":null,"defaultValueFormula":null,"defaultedOnCreate":false,"dependentPicklist":false,"deprecatedAndHidden":false,"digits":0,"displayLocationInDecimal":false,"externalId":false,"filterable":true,"groupable":true,"htmlFormatted":false,"idLookup":false,"inlineHelpText":null,"label":
"License Number","length":15,"name":"LicenseNumber__c","nameField":false,"namePointing":false,"nillable":true,"permissionable":true,"picklistValues":[],"precision":0,"referenceTo":[],"relationshipName":null,"relationshipOrder":null,"restrictedDelete":false,"restrictedPicklist":false,"scale":0,"soapType":"xsd:string","sortable":true,"type":"string","unique":false,"updateable":true,"writeRequiresMasterRead":false},{"autoNumber":false,"byteLength":765,"calculated":false,"calculatedFormula":null,"cascadeDelete":false,"caseSensitive":false,"controllerName":"Region__c","createable":true,"custom":true,"defaultValue":null,"defaultValueFormula":null,"defaultedOnCreate":false,"dependentPicklist":true,"deprecatedAndHidden":false,"digits":0,"displayLocationInDecimal":false,"externalId":false,"filterable":true,"groupable":true,"htmlFormatted":false,"idLookup":false,"inlineHelpText":null,"label":
"Market","length":255,"name":"Market__c","nameField":false,"namePointing":false,"nillable":true,"permissionable":true,"picklistValues":[{"active":true,"defaultValue":false,"label":
"Atlanta","validFor":"AgAA","value":"Atlanta"},{"active":true,"defaultValue":false,"label":
"Boston","validFor":"gAAA","value":"Boston"},{"active":true,"defaultValue":false,"label":
"Carolina","validFor":"AgAA","value":"Carolina"},{"active":true,"defaultValue":false,"label":
"Chicago","validFor":"IAAA","value":"Chicago"},{"active":true,"defaultValue":false,"label":
"D.C.","validFor":"QAAA","value":"D.C."},{"active":true,"defaultValue":false,"label":
"Dallas","validFor":"AIAA","value":"Dallas"},{"active":true,"defaultValue":false,"label":
"Denver","validFor":"AIAA","value":"Denver"},{"active":true,"defaultValue":false,"label":
"Detroit","validFor":"BAAA","value":"Detroit"},{"active":true,"defaultValue":false,"label":
"Houston","validFor":"AIAA","value":"Houston"},{"active":true,"defaultValue":false,"label":
"Kansas City","validFor":"IAAA","value":"Kansas City"},{"active":true,"defaultValue":false,"label":
"Los Angeles","validFor":"AQAA","value":"Los Angeles"},{"active":true,"defaultValue":false,"label":
"Minneapolis","validFor":"IAAA","value":"Minneapolis"},{"active":true,"defaultValue":false,"label":
"New York","validFor":"EAAA","value":"New York"},{"active":true,"defaultValue":false,"label":
"Ohio Valley","validFor":"BAAA","value":"Ohio Valley"},{"active":true,"defaultValue":false,"label":
"Philadelphia","validFor":"QAAA","value":"Philadelphia"},{"active":true,"defaultValue":false,"label":
"Phoenix","validFor":"AQAA","value":"Phoenix"},{"active":true,"defaultValue":false,"label":
"San Francisco","validFor":"CAAA","value":"San Francisco"},{"active":true,"defaultValue":false,"label":
"Seattle","validFor":"CAAA","value":"Seattle"},{"active":true,"defaultValue":false,"label":
"Tampa","validFor":"AgAA","value":"Tampa"}],"precision":0,"referenceTo":[],"relationshipName":null,"relationshipOrder":null,"restrictedDelete":false,"restrictedPicklist":true,"scale":0,"soapType":"xsd:string","sortable":true,"type":"picklist","unique":false,"updateable":true,"writeRequiresMasterRead":false},{"autoNumber":false,"byteLength":120,"calculated":false,"calculatedFormula":null,"cascadeDelete":false,"caseSensitive":false,"controllerName":null,"createable":true,"custom":true,"defaultValue":null,"defaultValueFormula":null,"defaultedOnCreate":false,"dependentPicklist":false,"deprecatedAndHidden":false,"digits":0,"displayLocationInDecimal":false,"externalId":false,"filterable":true,"groupable":true,"htmlFormatted":false,"idLookup":false,"inlineHelpText":null,"label":
"Phone","length":40,"name":"Phone__c","nameField":false,"namePointing":false,"nillable":true,"permissionable":true,"picklistValues":[],"precision":0,"referenceTo":[],"relationshipName":null,"relationshipOrder":null,"restrictedDelete":false,"restrictedPicklist":false,"scale":0,"soapType":"xsd:string","sortable":true,"type":"phone","unique":false,"updateable":true,"writeRequiresMasterRead":false},{"autoNumber":false,"byteLength":765,"calculated":false,"calculatedFormula":null,"cascadeDelete":false,"caseSensitive":false,"controllerName":null,"createable":true,"custom":true,"defaultValue":null,"defaultValueFormula":null,"defaultedOnCreate":false,"dependentPicklist":false,"deprecatedAndHidden":false,"digits":0,"displayLocationInDecimal":false,"externalId":false,"filterable":true,"groupable":true,"htmlFormatted":false,"idLookup":false,"inlineHelpText":null,"label":
"Primary Distribution Category","length":255,"name":"PrimaryDistributionCategory__c","nameField":false,"namePointing":false,"nillable":true,"permissionable":true,"picklistValues":[{"active":true,"defaultValue":false,"label":
"Local","validFor":null,"value":"Local"},{"active":true,"defaultValue":false,"label":
"Regional","validFor":null,"value":"Regional"},{"active":true,"defaultValue":false,"label":
"National","validFor":null,"value":"National"},{"active":true,"defaultValue":false,"label":
"BAN","validFor":null,"value":"BAN"},{"active":true,"defaultValue":false,"label":
"General Agent","validFor":null,"value":"General Agent"},{"active":true,"defaultValue":false,"label":
"Independent Producer","validFor":null,"value":"Independent Producer"},{"active":true,"defaultValue":false,"label":
"Unassigned","validFor":null,"value":"Unassigned"}],"precision":0,"referenceTo":[],"relationshipName":null,"relationshipOrder":null,"restrictedDelete":false,"restrictedPicklist":true,"scale":0,"soapType":"xsd:string","sortable":true,"type":"picklist","unique":false,"updateable":true,"writeRequiresMasterRead":false},{"autoNumber":false,"byteLength":30,"calculated":false,"calculatedFormula":null,"cascadeDelete":false,"caseSensitive":false,"controllerName":null,"createable":true,"custom":true,"defaultValue":null,"defaultValueFormula":null,"defaultedOnCreate":false,"dependentPicklist":false,"deprecatedAndHidden":false,"digits":0,"displayLocationInDecimal":false,"externalId":true,"filterable":true,"groupable":true,"htmlFormatted":false,"idLookup":true,"inlineHelpText":null,"label":
"Producer Code","length":10,"name":"ProducerCode__c","nameField":false,"namePointing":false,"nillable":true,"permissionable":true,"picklistValues":[],"precision":0,"referenceTo":[],"relationshipName":null,"relationshipOrder":null,"restrictedDelete":false,"restrictedPicklist":false,"scale":0,"soapType":"xsd:string","sortable":true,"type":"string","unique":true,"updateable":true,"writeRequiresMasterRead":false},{"autoNumber":false,"byteLength":765,"calculated":false,"calculatedFormula":null,"cascadeDelete":false,"caseSensitive":false,"controllerName":null,"createable":true,"custom":true,"defaultValue":null,"defaultValueFormula":null,"defaultedOnCreate":false,"dependentPicklist":false,"deprecatedAndHidden":false,"digits":0,"displayLocationInDecimal":false,"externalId":false,"filterable":true,"groupable":true,"htmlFormatted":false,"idLookup":false,"inlineHelpText":null,"label":
"Producer Firm Distribution Category","length":255,"name":"ProducerFirmDistributionCategory__c","nameField":false,"namePointing":false,"nillable":true,"permissionable":true,"picklistValues":[{"active":true,"defaultValue":false,"label":
"Local","validFor":null,"value":"Local"},{"active":true,"defaultValue":false,"label":
"Regional","validFor":null,"value":"Regional"},{"active":true,"defaultValue":false,"label":
"National","validFor":null,"value":"National"}],"precision":0,"referenceTo":[],"relationshipName":null,"relationshipOrder":null,"restrictedDelete":false,"restrictedPicklist":true,"scale":0,"soapType":"xsd:string","sortable":true,"type":"picklist","unique":false,"updateable":true,"writeRequiresMasterRead":false},{"autoNumber":false,"byteLength":54,"calculated":false,"calculatedFormula":null,"cascadeDelete":false,"caseSensitive":false,"controllerName":null,"createable":true,"custom":true,"defaultValue":null,"defaultValueFormula":null,"defaultedOnCreate":false,"dependentPicklist":false,"deprecatedAndHidden":false,"digits":0,"displayLocationInDecimal":false,"externalId":true,"filterable":true,"groupable":true,"htmlFormatted":false,"idLookup":true,"inlineHelpText":null,"label":
"Producer Firm ID","length":18,"name":"ProducerFirmID__c","nameField":false,"namePointing":false,"nillable":true,"permissionable":true,"picklistValues":[],"precision":0,"referenceTo":[],"relationshipName":null,"relationshipOrder":null,"restrictedDelete":false,"restrictedPicklist":false,"scale":0,"soapType":"xsd:string","sortable":true,"type":"string","unique":true,"updateable":true,"writeRequiresMasterRead":false},{"autoNumber":false,"byteLength":240,"calculated":false,"calculatedFormula":null,"cascadeDelete":false,"caseSensitive":false,"controllerName":null,"createable":true,"custom":true,"defaultValue":null,"defaultValueFormula":null,"defaultedOnCreate":false,"dependentPicklist":false,"deprecatedAndHidden":false,"digits":0,"displayLocationInDecimal":false,"externalId":false,"filterable":true,"groupable":true,"htmlFormatted":false,"idLookup":false,"inlineHelpText":null,"label":
"Producer Firm Name","length":80,"name":"ProducerFirmName__c","nameField":false,"namePointing":false,"nillable":true,"permissionable":true,"picklistValues":[],"precision":0,"referenceTo":[],"relationshipName":null,"relationshipOrder":null,"restrictedDelete":false,"restrictedPicklist":false,"scale":0,"soapType":"xsd:string","sortable":true,"type":"string","unique":false,"updateable":true,"writeRequiresMasterRead":false},{"autoNumber":false,"byteLength":765,"calculated":false,"calculatedFormula":null,"cascadeDelete":false,"caseSensitive":false,"controllerName":"Territory__c","createable":true,"custom":true,"defaultValue":null,"defaultValueFormula":null,"defaultedOnCreate":false,"dependentPicklist":true,"deprecatedAndHidden":false,"digits":0,"displayLocationInDecimal":false,"externalId":false,"filterable":true,"groupable":true,"htmlFormatted":false,"idLookup":false,"inlineHelpText":null,"label":
"Region","length":255,"name":"Region__c","nameField":false,"namePointing":false,"nillable":true,"permissionable":true,"picklistValues":[{"active":true,"defaultValue":false,"label":
"Boston","validFor":"gAAA","value":"Boston"},{"active":true,"defaultValue":false,"label":
"Mid Atlantic","validFor":"gAAA","value":"Mid Atlantic"},{"active":true,"defaultValue":false,"label":
"Midwest","validFor":"QAAA","value":"Midwest"},{"active":true,"defaultValue":false,"label":
"New York","validFor":"gAAA","value":"New York"},{"active":true,"defaultValue":false,"label":
"North Pacific","validFor":"QAAA","value":"North Pacific"},{"active":true,"defaultValue":false,"label":
"Ohio Valley","validFor":"gAAA","value":"Ohio Valley"},{"active":true,"defaultValue":false,"label":
"Southeast","validFor":"gAAA","value":"Southeast"},{"active":true,"defaultValue":false,"label":
"South Pacific","validFor":"QAAA","value":"South Pacific"},{"active":true,"defaultValue":false,"label":
"Southwest","validFor":"QAAA","value":"Southwest"},{"active":true,"defaultValue":false,"label":
"Toronto","validFor":"","value":"Toronto"},{"active":true,"defaultValue":false,"label":
"Connecticut","validFor":"IAAA","value":"Connecticut"},{"active":true,"defaultValue":false,"label":
"Delaware","validFor":"IAAA","value":"Delaware"},{"active":true,"defaultValue":false,"label":
"Massachusetts","validFor":"IAAA","value":"Massachusetts"},{"active":true,"defaultValue":false,"label":
"Maryland & DC","validFor":"IAAA","value":"Maryland & DC"},{"active":true,"defaultValue":false,"label":
"New Hampshire","validFor":"IAAA","value":"New Hampshire"},{"active":true,"defaultValue":false,"label":
"New Jersey","validFor":"IAAA","value":"New Jersey"},{"active":true,"defaultValue":false,"label":
"Pennsylvania","validFor":"IAAA","value":"Pennsylvania"},{"active":true,"defaultValue":false,"label":
"Rhode Island","validFor":"IAAA","value":"Rhode Island"},{"active":true,"defaultValue":false,"label":
"Vermont","validFor":"IAAA","value":"Vermont"},{"active":true,"defaultValue":false,"label":
"Alabama","validFor":"EAAA","value":"Alabama"},{"active":true,"defaultValue":false,"label":
"Florida","validFor":"EAAA","value":"Florida"},{"active":true,"defaultValue":false,"label":
"Georgia","validFor":"EAAA","value":"Georgia"},{"active":true,"defaultValue":false,"label":
"Mississippi","validFor":"EAAA","value":"Mississippi"},{"active":true,"defaultValue":false,"label":
"North Carolina","validFor":"CAAA","value":"North Carolina"},{"active":true,"defaultValue":false,"label":
"South Carolina","validFor":"CAAA","value":"South Carolina"},{"active":true,"defaultValue":false,"label":
"Virginia","validFor":"CAAA","value":"Virginia"},{"active":true,"defaultValue":false,"label":
"West Virginia","validFor":"CAAA","value":"West Virginia"},{"active":true,"defaultValue":false,"label":
"Illinois","validFor":"BAAA","value":"Illinois"},{"active":true,"defaultValue":false,"label":
"Indiana","validFor":"BAAA","value":"Indiana"},{"active":true,"defaultValue":false,"label":
"Kentucky","validFor":"BAAA","value":"Kentucky"},{"active":true,"defaultValue":false,"label":
"Michigan","validFor":"BAAA","value":"Michigan"},{"active":true,"defaultValue":false,"label":
"Minnesota","validFor":"BAAA","value":"Minnesota"},{"active":true,"defaultValue":false,"label":
"Ohio","validFor":"BAAA","value":"Ohio"},{"active":true,"defaultValue":false,"label":
"Tennessee","validFor":"BAAA","value":"Tennessee"},{"active":true,"defaultValue":false,"label":
"Wisconsin","validFor":"BAAA","value":"Wisconsin"},{"active":true,"defaultValue":false,"label":
"Arkansas","validFor":"AgAA","value":"Arkansas"},{"active":true,"defaultValue":false,"label":
"Iowa","validFor":"AgAA","value":"Iowa"},{"active":true,"defaultValue":false,"label":
"Kansas","validFor":"AgAA","value":"Kansas"},{"active":true,"defaultValue":false,"label":
"Louisiana","validFor":"AgAA","value":"Louisiana"},{"active":true,"defaultValue":false,"label":
"Missouri","validFor":"AgAA","value":"Missouri"},{"active":true,"defaultValue":false,"label":
"Nebraska","validFor":"AgAA","value":"Nebraska"},{"active":true,"defaultValue":false,"label":
"North Dakota","validFor":"AgAA","value":"North Dakota"},{"active":true,"defaultValue":false,"label":
"Oklahoma","validFor":"AgAA","value":"Oklahoma"},{"active":true,"defaultValue":false,"label":
"South Dakota","validFor":"AgAA","value":"South Dakota"},{"active":true,"defaultValue":false,"label":
"Texas","validFor":"AgAA","value":"Texas"},{"active":true,"defaultValue":false,"label":
"Alaska","validFor":"AQAA","value":"Alaska"},{"active":true,"defaultValue":false,"label":
"Arizona","validFor":"AQAA","value":"Arizona"},{"active":true,"defaultValue":false,"label":
"California","validFor":"AQAA","value":"California"},{"active":true,"defaultValue":false,"label":
"Colorado","validFor":"AQAA","value":"Colorado"},{"active":true,"defaultValue":false,"label":
"Hawaii","validFor":"AQAA","value":"Hawaii"},{"active":true,"defaultValue":false,"label":
"Idaho","validFor":"AQAA","value":"Idaho"},{"active":true,"defaultValue":false,"label":
"Montana","validFor":"AQAA","value":"Montana"},{"active":true,"defaultValue":false,"label":
"Nevada","validFor":"AQAA","value":"Nevada"},{"active":true,"defaultValue":false,"label":
"New Mexico","validFor":"AQAA","value":"New Mexico"},{"active":true,"defaultValue":false,"label":
"Oregon","validFor":"AQAA","value":"Oregon"},{"active":true,"defaultValue":false,"label":
"Utah","validFor":"AQAA","value":"Utah"},{"active":true,"defaultValue":false,"label":
"Washington","validFor":"AQAA","value":"Washington"},{"active":true,"defaultValue":false,"label":
"Wyoming","validFor":"AQAA","value":"Wyoming"}],"precision":0,"referenceTo":[],"relationshipName":null,"relationshipOrder":null,"restrictedDelete":false,"restrictedPicklist":true,"scale":0,"soapType":"xsd:string","sortable":true,"type":"picklist","unique":false,"updateable":true,"writeRequiresMasterRead":false},{"autoNumber":false,"byteLength":765,"calculated":false,"calculatedFormula":null,"cascadeDelete":false,"caseSensitive":false,"controllerName":"Market__c","createable":true,"custom":true,"defaultValue":null,"defaultValueFormula":null,"defaultedOnCreate":false,"dependentPicklist":true,"deprecatedAndHidden":false,"digits":0,"displayLocationInDecimal":false,"externalId":false,"filterable":true,"groupable":true,"htmlFormatted":false,"idLookup":false,"inlineHelpText":null,"label":
"Sales Office","length":255,"name":"SalesOffice__c","nameField":false,"namePointing":false,"nillable":true,"permissionable":true,"picklistValues":[{"active":true,"defaultValue":false,"label":
"Boston","validFor":"QAAA","value":"Boston"},{"active":true,"defaultValue":false,"label":
"New Haven","validFor":"QAAA","value":"New Haven"},{"active":true,"defaultValue":false,"label":
"Columbia","validFor":"CAAA","value":"Columbia"},{"active":true,"defaultValue":false,"label":
"Richmond","validFor":"CAAA","value":"Richmond"},{"active":true,"defaultValue":false,"label":
"Philadelphia","validFor":"AAIA","value":"Philadelphia"},{"active":true,"defaultValue":false,"label":
"New York City","validFor":"AAgA","value":"New York City"},{"active":true,"defaultValue":false,"label":
"NNJ","validFor":"AAgA","value":"NNJ"},{"active":true,"defaultValue":false,"label":
"Cleveland","validFor":"AAQA","value":"Cleveland"},{"active":true,"defaultValue":false,"label":
"Columbus","validFor":"AAQA","value":"Columbus"},{"active":true,"defaultValue":false,"label":
"Pittsburgh","validFor":"AAQA","value":"Pittsburgh"},{"active":true,"defaultValue":false,"label":
"Detroit","validFor":"AQAA","value":"Detroit"},{"active":true,"defaultValue":false,"label":
"Atlanta","validFor":"gAAA","value":"Atlanta"},{"active":true,"defaultValue":false,"label":
"Memphis","validFor":"gAAA","value":"Memphis"},{"active":true,"defaultValue":false,"label":
"Carolina","validFor":"IAAA","value":"Carolina"},{"active":true,"defaultValue":false,"label":
"Tampa","validFor":"AAAg","value":"Tampa"},{"active":true,"defaultValue":false,"label":
"Kansas City","validFor":"AEAA","value":"Kansas City"},{"active":true,"defaultValue":false,"label":
"St. Louis","validFor":"AEAA","value":"St. Louis"},{"active":true,"defaultValue":false,"label":
"Chicago","validFor":"EAAA","value":"Chicago"},{"active":true,"defaultValue":false,"label":
"Minneapolis","validFor":"ABAA","value":"Minneapolis"},{"active":true,"defaultValue":false,"label":
"Los Angeles","validFor":"ACAA","value":"Los Angeles"},{"active":true,"defaultValue":false,"label":
"San Diego","validFor":"ACAA","value":"San Diego"},{"active":true,"defaultValue":false,"label":
"Phoenix","validFor":"AAEA","value":"Phoenix"},{"active":true,"defaultValue":false,"label":
"San Francisco","validFor":"AACA","value":"San Francisco"},{"active":true,"defaultValue":false,"label":
"Seattle","validFor":"AABA","value":"Seattle"},{"active":true,"defaultValue":false,"label":
"Dallas","validFor":"BAAA","value":"Dallas"},{"active":true,"defaultValue":false,"label":
"Denver","validFor":"AgAA","value":"Denver"},{"active":true,"defaultValue":false,"label":
"Houston","validFor":"AIAA","value":"Houston"},{"active":true,"defaultValue":false,"label":
"Toronto","validFor":"","value":"Toronto"}],"precision":0,"referenceTo":[],"relationshipName":null,"relationshipOrder":null,"restrictedDelete":false,"restrictedPicklist":true,"scale":0,"soapType":"xsd:string","sortable":true,"type":"picklist","unique":false,"updateable":true,"writeRequiresMasterRead":false},{"autoNumber":false,"byteLength":3900,"calculated":true,"calculatedFormula":"PrimarySalesRep__r.LanID__c","cascadeDelete":false,"caseSensitive":false,"controllerName":null,"createable":false,"custom":true,"defaultValue":null,"defaultValueFormula":null,"defaultedOnCreate":false,"dependentPicklist":false,"deprecatedAndHidden":false,"digits":0,"displayLocationInDecimal":false,"externalId":false,"filterable":true,"groupable":false,"htmlFormatted":false,"idLookup":false,"inlineHelpText":null,"label":
"Primary Sales Rep LAN ID","length":1300,"name":"PrimarySalesRepLANID__c","nameField":false,"namePointing":false,"nillable":true,"permissionable":true,"picklistValues":[],"precision":0,"referenceTo":[],"relationshipName":null,"relationshipOrder":null,"restrictedDelete":false,"restrictedPicklist":false,"scale":0,"soapType":"xsd:string","sortable":true,"type":"string","unique":false,"updateable":false,"writeRequiresMasterRead":false},{"autoNumber":false,"byteLength":18,"calculated":false,"calculatedFormula":null,"cascadeDelete":false,"caseSensitive":false,"controllerName":null,"createable":true,"custom":true,"defaultValue":null,"defaultValueFormula":null,"defaultedOnCreate":false,"dependentPicklist":false,"deprecatedAndHidden":false,"digits":0,"displayLocationInDecimal":false,"externalId":false,"filterable":true,"groupable":true,"htmlFormatted":false,"idLookup":false,"inlineHelpText":null,"label":
"Primary Sales Rep","length":18,"name":"PrimarySalesRep__c","nameField":false,"namePointing":false,"nillable":true,"permissionable":true,"picklistValues":[],"precision":0,"referenceTo":["User"],"relationshipName":"PrimarySalesRep__r","relationshipOrder":null,"restrictedDelete":false,"restrictedPicklist":false,"scale":0,"soapType":"tns:ID","sortable":true,"type":"reference","unique":false,"updateable":true,"writeRequiresMasterRead":false},{"autoNumber":false,"byteLength":765,"calculated":false,"calculatedFormula":null,"cascadeDelete":false,"caseSensitive":false,"controllerName":null,"createable":true,"custom":true,"defaultValue":null,"defaultValueFormula":null,"defaultedOnCreate":false,"dependentPicklist":false,"deprecatedAndHidden":false,"digits":0,"displayLocationInDecimal":false,"externalId":false,"filterable":true,"groupable":true,"htmlFormatted":false,"idLookup":false,"inlineHelpText":null,"label":
"Secondary Distribution Category","length":255,"name":"SecondaryDistributionCategory__c","nameField":false,"namePointing":false,"nillable":true,"permissionable":true,"picklistValues":[{"active":true,"defaultValue":false,"label":
"BAN","validFor":null,"value":"BAN"},{"active":true,"defaultValue":false,"label":
"General Agent","validFor":null,"value":"General Agent"},{"active":true,"defaultValue":false,"label":
"Independent Producer","validFor":null,"value":"Independent Producer"},{"active":true,"defaultValue":false,"label":
"Unassigned","validFor":null,"value":"Unassigned"}],"precision":0,"referenceTo":[],"relationshipName":null,"relationshipOrder":null,"restrictedDelete":false,"restrictedPicklist":true,"scale":0,"soapType":"xsd:string","sortable":true,"type":"picklist","unique":false,"updateable":true,"writeRequiresMasterRead":false},{"autoNumber":false,"byteLength":765,"calculated":false,"calculatedFormula":null,"cascadeDelete":false,"caseSensitive":false,"controllerName":null,"createable":true,"custom":true,"defaultValue":null,"defaultValueFormula":null,"defaultedOnCreate":false,"dependentPicklist":false,"deprecatedAndHidden":false,"digits":0,"displayLocationInDecimal":false,"externalId":false,"filterable":true,"groupable":true,"htmlFormatted":false,"idLookup":false,"inlineHelpText":null,"label":
"State","length":255,"name":"State__c","nameField":false,"namePointing":false,"nillable":false,"permissionable":false,"picklistValues":[{"active":true,"defaultValue":false,"label":
"Alabama","validFor":null,"value":"AL"},{"active":true,"defaultValue":false,"label":
"Alaska","validFor":null,"value":"AK"},{"active":true,"defaultValue":false,"label":
"Arizona","validFor":null,"value":"AZ"},{"active":true,"defaultValue":false,"label":
"Arkansas","validFor":null,"value":"AR"},{"active":true,"defaultValue":false,"label":
"California","validFor":null,"value":"CA"},{"active":true,"defaultValue":false,"label":
"Colorado","validFor":null,"value":"CO"},{"active":true,"defaultValue":false,"label":
"Connecticut","validFor":null,"value":"CT"},{"active":true,"defaultValue":false,"label":
"Delaware","validFor":null,"value":"DE"},{"active":true,"defaultValue":false,"label":
"Florida","validFor":null,"value":"FL"},{"active":true,"defaultValue":false,"label":
"Georgia","validFor":null,"value":"GA"},{"active":true,"defaultValue":false,"label":
"Hawaii","validFor":null,"value":"HI"},{"active":true,"defaultValue":false,"label":
"Idaho","validFor":null,"value":"ID"},{"active":true,"defaultValue":false,"label":
"Illinois","validFor":null,"value":"IL"},{"active":true,"defaultValue":false,"label":
"Indiana","validFor":null,"value":"IN"},{"active":true,"defaultValue":false,"label":
"Iowa","validFor":null,"value":"IA"},{"active":true,"defaultValue":false,"label":
"Kansas","validFor":null,"value":"KS"},{"active":true,"defaultValue":false,"label":
"Kentucky","validFor":null,"value":"KY"},{"active":true,"defaultValue":false,"label":
"Louisiana","validFor":null,"value":"LA"},{"active":true,"defaultValue":false,"label":
"Maine","validFor":null,"value":"ME"},{"active":true,"defaultValue":false,"label":
"Maryland","validFor":null,"value":"MD"},{"active":true,"defaultValue":false,"label":
"Massachusetts","validFor":null,"value":"MA"},{"active":true,"defaultValue":false,"label":
"Michigan","validFor":null,"value":"MI"},{"active":true,"defaultValue":false,"label":
"Minnesota","validFor":null,"value":"MN"},{"active":true,"defaultValue":false,"label":
"Mississippi","validFor":null,"value":"MS"},{"active":true,"defaultValue":false,"label":
"Missouri","validFor":null,"value":"MO"},{"active":true,"defaultValue":false,"label":
"Montana","validFor":null,"value":"MT"},{"active":true,"defaultValue":false,"label":
"Nebraska","validFor":null,"value":"NE"},{"active":true,"defaultValue":false,"label":
"Nevada","validFor":null,"value":"NV"},{"active":true,"defaultValue":false,"label":
"New Hampshire","validFor":null,"value":"NH"},{"active":true,"defaultValue":false,"label":
"New Jersey","validFor":null,"value":"NJ"},{"active":true,"defaultValue":false,"label":
"New Mexico","validFor":null,"value":"NM"},{"active":true,"defaultValue":false,"label":
"New York","validFor":null,"value":"NY"},{"active":true,"defaultValue":false,"label":
"North Carolina","validFor":null,"value":"NC"},{"active":true,"defaultValue":false,"label":
"North Dakota","validFor":null,"value":"ND"},{"active":true,"defaultValue":false,"label":
"Ohio","validFor":null,"value":"OH"},{"active":true,"defaultValue":false,"label":
"Oklahoma","validFor":null,"value":"OK"},{"active":true,"defaultValue":false,"label":
"Oregon","validFor":null,"value":"OR"},{"active":true,"defaultValue":false,"label":
"Pennsylvania","validFor":null,"value":"PA"},{"active":true,"defaultValue":false,"label":
"Rhode Island","validFor":null,"value":"RI"},{"active":true,"defaultValue":false,"label":
"South Carolina","validFor":null,"value":"SC"},{"active":true,"defaultValue":false,"label":
"South Dakota","validFor":null,"value":"SD"},{"active":true,"defaultValue":false,"label":
"Tennessee","validFor":null,"value":"TN"},{"active":true,"defaultValue":false,"label":
"Texas","validFor":null,"value":"TX"},{"active":true,"defaultValue":false,"label":
"Utah","validFor":null,"value":"UT"},{"active":true,"defaultValue":false,"label":
"Vermont","validFor":null,"value":"VT"},{"active":true,"defaultValue":false,"label":
"Virginia","validFor":null,"value":"VA"},{"active":true,"defaultValue":false,"label":
"Washington","validFor":null,"value":"WA"},{"active":true,"defaultValue":false,"label":
"West Virginia","validFor":null,"value":"WV"},{"active":true,"defaultValue":false,"label":
"Wisconsin","validFor":null,"value":"WI"},{"active":true,"defaultValue":false,"label":
"Wyoming","validFor":null,"value":"WY"}],"precision":0,"referenceTo":[],"relationshipName":null,"relationshipOrder":null,"restrictedDelete":false,"restrictedPicklist":true,"scale":0,"soapType":"xsd:string","sortable":true,"type":"picklist","unique":false,"updateable":true,"writeRequiresMasterRead":false},{"autoNumber":false,"byteLength":765,"calculated":false,"calculatedFormula":null,"cascadeDelete":false,"caseSensitive":false,"controllerName":null,"createable":true,"custom":true,"defaultValue":null,"defaultValueFormula":null,"defaultedOnCreate":false,"dependentPicklist":false,"deprecatedAndHidden":false,"digits":0,"displayLocationInDecimal":false,"externalId":false,"filterable":true,"groupable":true,"htmlFormatted":false,"idLookup":false,"inlineHelpText":null,"label":
"Status","length":255,"name":"Status__c","nameField":false,"namePointing":false,"nillable":true,"permissionable":true,"picklistValues":[{"active":true,"defaultValue":false,"label":
"Active","validFor":null,"value":"Active"},{"active":true,"defaultValue":false,"label":
"In-Active","validFor":null,"value":"In-Active"}],"precision":0,"referenceTo":[],"relationshipName":null,"relationshipOrder":null,"restrictedDelete":false,"restrictedPicklist":true,"scale":0,"soapType":"xsd:string","sortable":true,"type":"picklist","unique":false,"updateable":true,"writeRequiresMasterRead":false},{"autoNumber":false,"byteLength":30,"calculated":false,"calculatedFormula":null,"cascadeDelete":false,"caseSensitive":false,"controllerName":null,"createable":true,"custom":true,"defaultValue":null,"defaultValueFormula":null,"defaultedOnCreate":false,"dependentPicklist":false,"deprecatedAndHidden":false,"digits":0,"displayLocationInDecimal":false,"externalId":false,"filterable":true,"groupable":true,"htmlFormatted":false,"idLookup":false,"inlineHelpText":null,"label":
"Tax ID","length":10,"name":"TaxID__c","nameField":false,"namePointing":false,"nillable":true,"permissionable":true,"picklistValues":[],"precision":0,"referenceTo":[],"relationshipName":null,"relationshipOrder":null,"restrictedDelete":false,"restrictedPicklist":false,"scale":0,"soapType":"xsd:string","sortable":true,"type":"string","unique":false,"updateable":true,"writeRequiresMasterRead":false},{"autoNumber":false,"byteLength":765,"calculated":false,"calculatedFormula":null,"cascadeDelete":false,"caseSensitive":false,"controllerName":null,"createable":true,"custom":true,"defaultValue":null,"defaultValueFormula":null,"defaultedOnCreate":false,"dependentPicklist":false,"deprecatedAndHidden":false,"digits":0,"displayLocationInDecimal":false,"externalId":false,"filterable":true,"groupable":true,"htmlFormatted":false,"idLookup":false,"inlineHelpText":null,"label":
"Territory","length":255,"name":"Territory__c","nameField":false,"namePointing":false,"nillable":true,"permissionable":true,"picklistValues":[{"active":true,"defaultValue":false,"label":
"East","validFor":null,"value":"East"},{"active":true,"defaultValue":false,"label":
"West","validFor":null,"value":"West"},{"active":true,"defaultValue":false,"label":
"Northeast","validFor":null,"value":"Northeast"},{"active":true,"defaultValue":false,"label":
"Southeast","validFor":null,"value":"Southeast"},{"active":true,"defaultValue":false,"label":
"Mid-Atlantic","validFor":null,"value":"Mid-Atlantic"},{"active":true,"defaultValue":false,"label":
"North Central","validFor":null,"value":"North Central"},{"active":true,"defaultValue":false,"label":
"South Central","validFor":null,"value":"South Central"},{"active":true,"defaultValue":false,"label":
"West Coast","validFor":null,"value":"West Coast"}],"precision":0,"referenceTo":[],"relationshipName":null,"relationshipOrder":null,"restrictedDelete":false,"restrictedPicklist":true,"scale":0,"soapType":"xsd:string","sortable":true,"type":"picklist","unique":false,"updateable":true,"writeRequiresMasterRead":false},{"autoNumber":false,"byteLength":45,"calculated":false,"calculatedFormula":null,"cascadeDelete":false,"caseSensitive":false,"controllerName":null,"createable":true,"custom":true,"defaultValue":null,"defaultValueFormula":null,"defaultedOnCreate":false,"dependentPicklist":false,"deprecatedAndHidden":false,"digits":0,"displayLocationInDecimal":false,"externalId":false,"filterable":true,"groupable":true,"htmlFormatted":false,"idLookup":false,"inlineHelpText":null,"label":
"Zip Code","length":15,"name":"ZipCode__c","nameField":false,"namePointing":false,"nillable":false,"permissionable":false,"picklistValues":[],"precision":0,"referenceTo":[],"relationshipName":null,"relationshipOrder":null,"restrictedDelete":false,"restrictedPicklist":false,"scale":0,"soapType":"xsd:string","sortable":true,"type":"string","unique":false,"updateable":true,"writeRequiresMasterRead":false},{"autoNumber":false,"byteLength":54,"calculated":false,"calculatedFormula":null,"cascadeDelete":false,"caseSensitive":false,"controllerName":null,"createable":true,"custom":true,"defaultValue":null,"defaultValueFormula":null,"defaultedOnCreate":false,"dependentPicklist":false,"deprecatedAndHidden":false,"digits":0,"displayLocationInDecimal":false,"externalId":true,"filterable":true,"groupable":true,"htmlFormatted":false,"idLookup":true,"inlineHelpText":null,"label":
"Producer Agency ID","length":18,"name":"ProducerAgencyID__c","nameField":false,"namePointing":false,"nillable":true,"permissionable":true,"picklistValues":[],"precision":0,"referenceTo":[],"relationshipName":null,"relationshipOrder":null,"restrictedDelete":false,"restrictedPicklist":false,"scale":0,"soapType":"xsd:string","sortable":true,"type":"string","unique":true,"updateable":true,"writeRequiresMasterRead":false}],"keyPrefix":"a01","label":
"Producer Agency","labelPl
ural":"Producer Agencies","layoutable":true,"listviewable":null,"lookupLayoutable":null,"mergeable":false,"name":"ProducerAgency__c","queryable":true,"recordTypeInfos":[{"available":true,"defaultRecordTypeMapping":true,"name":"Master","recordTypeId":"012000000000000AAA","urls":{"layout":"/services/data/v29.0/sobjects/ProducerAgency__c/describe/layouts/012000000000000AAA"}}],"replicateable":true,"retrieveable":true,"searchLayoutable":true,"searchable":true,"sobjectDescribeOption":"FULL","triggerable":true,"undeletable":true,"updateable":true,"urls":{"compactLayouts":"/services/data/v29.0/sobjects/ProducerAgency__c/describe/compactLayouts","rowTemplate":"/services/data/v29.0/sobjects/ProducerAgency__c/{ID}","uiDetailTemplate":"https://cignacgi--cgidev.my.salesforce.com/{ID}","uiEditTemplate":"https://cignacgi--cgidev.my.salesforce.com/{ID}/e","describe":"/services/data/v29.0/sobjects/ProducerAgency__c/describe","uiNewRecord":"https://cignacgi--cgidev.my.salesforce.com/a01/e","quickActions":"/services/data/v29.0/sobjects/ProducerAgency__c/quickActions","layouts":"/services/data/v29.0/sobjects/ProducerAgency__c/describe/layouts","sobject":"/services/data/v29.0/sobjects/ProducerAgency__c"}}