{"totalSize":42,"done":true,"records":[{"attributes":{"type":"Opportunity","url":"/services/data/v48.0/sobjects/Opportunity/006e000000LbmVfAAJ"},"Id":
"006e000000LbmVfAAJ","Name":"AccountInClient1 - Renewal - 3/13/2020","Amount":385.0,"Account_Region__c":"West","StageName":"Closed"},{"attributes":{"type":"Opportunity","url":"/services/data/v48.0/sobjects/Opportunity/006e000000Lbn4ZAAR"},"Id":
"006e000000Lbn4ZAAR","Name":"Test for Opp Product","Amount":null,"Account_Region__c":"West","StageName":"Not Started"},{"attributes":{"type":"Opportunity","url":"/services/data/v48.0/sobjects/Opportunity/006e000000LbmVkAAJ"},"Id":
"006e000000LbmVkAAJ","Name":"AccountInClient1 - Renewal - 3/25/2020","Amount":209.0,"Account_Region__c":"West","StageName":"Not Started"},{"attributes":{"type":"Opportunity","url":"/services/data/v48.0/sobjects/Opportunity/006e000000HlCL6AAN"},"Id":
"006e000000HlCL6AAN","Name":"Presale ADA and AD&D","Amount":22.0,"Account_Region__c":"West","StageName":"DTQ"},{"attributes":{"type":"Opportunity","url":"/services/data/v48.0/sobjects/Opportunity/006e000000LbnNIAAZ"},"Id":
"006e000000LbnNIAAZ","Name":"3rd test for Opp product","Amount":null,"Account_Region__c":"West","StageName":"Not Started"},{"attributes":{"type":"Opportunity","url":"/services/data/v48.0/sobjects/Opportunity/006e000000HlCVvAAN"},"Id":
"006e000000HlCVvAAN","Name":"Test ADA, Basic AD&D, and BTA","Amount":22.0,"Account_Region__c":"West","StageName":"Proposal Issued"},{"attributes":{"type":"Opportunity","url":"/services/data/v48.0/sobjects/Opportunity/006e000000HlCOjAAN"},"Id":
"006e000000HlCOjAAN","Name":"Test ADA and Basic AD&D","Amount":22.0,"Account_Region__c":"West","StageName":"Lost"},{"attributes":{"type":"Opportunity","url":"/services/data/v48.0/sobjects/Opportunity/006e000000LnSa8AAF"},"Id":
"006e000000LnSa8AAF","Name":"Wawa - NB - AI, FML-Auto Created","Amount":0.0,"Account_Region__c":"West","StageName":"RFP in Process"},{"attributes":{"type":"Opportunity","url":"/services/data/v48.0/sobjects/Opportunity/006e000000Lnhc6AAB"},"Id":
"006e000000Lnhc6AAB","Name":"Opp - Presale - 2020/04/28 12:38:02","Amount":null,"Account_Region__c":"West","StageName":"RFP in Process"},{"attributes":{"type":"Opportunity","url":"/services/data/v48.0/sobjects/Opportunity/006e000000LnhujAAB"},"Id":
"006e000000LnhujAAB","Name":"productsblock","Amount":35.0,"Account_Region__c":"West","StageName":"RFP in Process"},{"attributes":{"type":"Opportunity","url":"/services/data/v48.0/sobjects/Opportunity/006e000000Lnhk5AAB"},"Id":
"006e000000Lnhk5AAB","Name":"Massachusetts Institute of Technology - Renewal - 10/10/2020","Amount":null,"Account_Region__c":"West","StageName":"Census Review"},{"attributes":{"type":"Opportunity","url":"/services/data/v48.0/sobjects/Opportunity/006e000000LndBoAAJ"},"Id":
"006e000000LndBoAAJ","Name":"Mile Bluff Medical Center - Renewal - 5/7/2020","Amount":null,"Account_Region__c":"West","StageName":"Census Review"},{"attributes":{"type":"Opportunity","url":"/services/data/v48.0/sobjects/Opportunity/006e000000LndV1AAJ"},"Id":
"006e000000LndV1AAJ","Name":"testingadminerror","Amount":null,"Account_Region__c":"West","StageName":"Selected as Finalist"},{"attributes":{"type":"Opportunity","url":"/services/data/v48.0/sobjects/Opportunity/006e000000LndclAAB"},"Id":
"006e000000LndclAAB","Name":"Wawa Opportunity","Amount":0.0,"Account_Region__c":"West","StageName":"RFP in Process"},{"attributes":{"type":"Opportunity","url":"/services/data/v48.0/sobjects/Opportunity/006e000000LngXCAAZ"},"Id":
"006e000000LngXCAAZ","Name":"Opp - Renewal - 2020/04/27 18:08:43","Amount":null,"Account_Region__c":"West","StageName":"RFP in Process"},{"attributes":{"type":"Opportunity","url":"/services/data/v48.0/sobjects/Opportunity/006e000000LngXHAAZ"},"Id":
"006e000000LngXHAAZ","Name":"Massachusetts Institute of Technology - Renewal - 4/29/2020","Amount":null,"Account_Region__c":"West","StageName":"Census Review"},{"attributes":{"type":"Opportunity","url":"/services/data/v48.0/sobjects/Opportunity/006e000000LndBtAAJ"},"Id":
"006e000000LndBtAAJ","Name":"Opp - Renewal - 2020/04/24 20:05:16","Amount":null,"Account_Region__c":"West","StageName":"RFP in Process"},{"attributes":{"type":"Opportunity","url":"/services/data/v48.0/sobjects/Opportunity/006e000000LcG7UAAV"},"Id":
"006e000000LcG7UAAV","Name":"Wawa Test Account - Renewal - 3/31/2020","Amount":null,"Account_Region__c":"West","StageName":"Census Review"},{"attributes":{"type":"Opportunity","url":"/services/data/v48.0/sobjects/Opportunity/006e000000LcG8wAAF"},"Id":
"006e000000LcG8wAAF","Name":"Wawa - NB - AI, FML","Amount":0.0,"Account_Region__c":"West","StageName":"DTQ"},{"attributes":{"type":"Opportunity","url":"/services/data/v48.0/sobjects/Opportunity/006e000000Lc0X3AAJ"},"Id":
"006e000000Lc0X3AAJ","Name":"rulecheckPresale","Amount":0.0,"Account_Region__c":"West","StageName":"RFP in Process"},{"attributes":{"type":"Opportunity","url":"/services/data/v48.0/sobjects/Opportunity/006e000000LdP2fAAF"},"Id":
"006e000000LdP2fAAF","Name":"TEST12345","Amount":0.0,"Account_Region__c":"West","StageName":"Send to UW"},{"attributes":{"type":"Opportunity","url":"/services/data/v48.0/sobjects/Opportunity/006e000000Lc3sdAAB"},"Id":
"006e000000Lc3sdAAB","Name":"TestOPPdemo","Amount":0.0,"Account_Region__c":"West","StageName":"RFP in Process"},{"attributes":{"type":"Opportunity","url":"/services/data/v48.0/sobjects/Opportunity/006e000000LcG6lAAF"},"Id":
"006e000000LcG6lAAF","Name":"Wawa Test Account - Renewal - 3/31/2020","Amount":null,"Account_Region__c":"West","StageName":"Census Review"},{"attributes":{"type":"Opportunity","url":"/services/data/v48.0/sobjects/Opportunity/006e000000LmcxtAAB"},"Id":
"006e000000LmcxtAAB","Name":"Wawa Test Account - Renewal - 9/14/2024","Amount":0.0,"Account_Region__c":"West","StageName":"ASR Census Request"},{"attributes":{"type":"Opportunity","url":"/services/data/v48.0/sobjects/Opportunity/006e000000LcG4kAAF"},"Id":
"006e000000LcG4kAAF","Name":"Wawa Test Account - Renewal - 12/12/2020","Amount":null,"Account_Region__c":"West","StageName":"Census Review"},{"attributes":{"type":"Opportunity","url":"/services/data/v48.0/sobjects/Opportunity/006e000000LmcxjAAB"},"Id":
"006e000000LmcxjAAB","Name":"Wawa Test Account - Renewal - 3/27/2020","Amount":null,"Account_Region__c":"West","StageName":"Census Review"},{"attributes":{"type":"Opportunity","url":"/services/data/v48.0/sobjects/Opportunity/006e000000LcG4zAAF"},"Id":
"006e000000LcG4zAAF","Name":"Wawa Test Account - Renewal - 3/31/2020","Amount":null,"Account_Region__c":"West","StageName":"Census Review"},{"attributes":{"type":"Opportunity","url":"/services/data/v48.0/sobjects/Opportunity/006e000000LmrtfAAB"},"Id":
"006e000000LmrtfAAB","Name":"MIT - STD, FMLA","Amount":199.0,"Account_Region__c":"West","StageName":"Proposal Issued"},{"attributes":{"type":"Opportunity","url":"/services/data/v48.0/sobjects/Opportunity/006e000000LmtxjAAB"},"Id":
"006e000000LmtxjAAB","Name":"ytdy","Amount":0.0,"Account_Region__c":"West","StageName":"Send to UW"},{"attributes":{"type":"Opportunity","url":"/services/data/v48.0/sobjects/Opportunity/006e000000LmrhwAAB"},"Id":
"006e000000LmrhwAAB","Name":"Mile Bluff Medical Center - Renewal - 6/1/2020","Amount":35.0,"Account_Region__c":"West","StageName":"Not Started"},{"attributes":{"type":"Opportunity","url":"/services/data/v48.0/sobjects/Opportunity/006e000000LmrtpAAB"},"Id":
"006e000000LmrtpAAB","Name":"Massachusetts Institute of Technology - Renewal - 8/1/2020","Amount":199.0,"Account_Region__c":"West","StageName":"UW Census Request"},{"attributes":{"type":"Opportunity","url":"/services/data/v48.0/sobjects/Opportunity/006e000000LbcPaAAJ"},"Id":
"006e000000LbcPaAAJ","Name":"LOOMIS","Amount":null,"Account_Region__c":"West","StageName":"Closed"},{"attributes":{"type":"Opportunity","url":"/services/data/v48.0/sobjects/Opportunity/006e000000LbcPbAAJ"},"Id":
"006e000000LbcPbAAJ","Name":"LOOMIS","Amount":null,"Account_Region__c":"West","StageName":"Closed"},{"attributes":{"type":"Opportunity","url":"/services/data/v48.0/sobjects/Opportunity/006e000000LbcPcAAJ"},"Id":
"006e000000LbcPcAAJ","Name":"LOOMIS","Amount":null,"Account_Region__c":"West","StageName":"Closed"},{"attributes":{"type":"Opportunity","url":"/services/data/v48.0/sobjects/Opportunity/006e000000LbcPdAAJ"},"Id":
"006e000000LbcPdAAJ","Name":"LOOMIS","Amount":null,"Account_Region__c":"West","StageName":"Closed"},{"attributes":{"type":"Opportunity","url":"/services/data/v48.0/sobjects/Opportunity/006e000000Lb45LAAR"},"Id":
"006e000000Lb45LAAR","Name":"Seattle Test 123","Amount":null,"Account_Region__c":"West","StageName":"DTQ"},{"attributes":{"type":"Opportunity","url":"/services/data/v48.0/sobjects/Opportunity/006e000000LbcPfAAJ"},"Id":
"006e000000LbcPfAAJ","Name":"LOOMIS","Amount":null,"Account_Region__c":"West","StageName":"Closed"},{"attributes":{"type":"Opportunity","url":"/services/data/v48.0/sobjects/Opportunity/006e000000LbcPgAAJ"},"Id":
"006e000000LbcPgAAJ","Name":"LOOMIS","Amount":199.0,"Account_Region__c":"West","StageName":"Not Started"},{"attributes":{"type":"Opportunity","url":"/services/data/v48.0/sobjects/Opportunity/006e000000LbmVuAAJ"},"Id":
"006e000000LbmVuAAJ","Name":"test","Amount":199.0,"Account_Region__c":"West","StageName":"Verbal Commitment"},{"attributes":{"type":"Opportunity","url":"/services/data/v48.0/sobjects/Opportunity/006e000000LbfeZAAR"},"Id":
"006e000000LbfeZAAR","Name":"LOOMIS - Renewal - 3/4/2020","Amount":0.0,"Account_Region__c":"West","StageName":"Package Prepared"},{"attributes":{"type":"Opportunity","url":"/services/data/v48.0/sobjects/Opportunity/006e000000LbnG3AAJ"},"Id":
"006e000000LbnG3AAJ","Name":"2nd Test for Opp Product","Amount":null,"Account_Region__c":"West","StageName":"Not Started"},{"attributes":{"type":"Opportunity","url":"/services/data/v48.0/sobjects/Opportunity/006e000000HdllBAAR"},"Id":
"006e000000HdllBAAR","Name":"Presale AD&D and BTA","Amount":22.0,"Account_Region__c":"West","StageName":"Sold"}]}